policy_0 Disc CE Loss,policy_0 Disc Acc,policy_0 Grad Pen,policy_0 Grad Pen W,agent_0 Disc Rew Mean,agent_0 Disc Rew Std,agent_0 Disc Rew Max,agent_0 Disc Rew Min,policy_0 Reward Scale,policy_0 QF1 Loss,policy_0 QF2 Loss,policy_0 Alpha Loss,policy_0 Policy Loss,policy_0 Q1 Predictions Mean,policy_0 Q1 Predictions Std,policy_0 Q1 Predictions Max,policy_0 Q1 Predictions Min,policy_0 Q2 Predictions Mean,policy_0 Q2 Predictions Std,policy_0 Q2 Predictions Max,policy_0 Q2 Predictions Min,policy_0 Alpha Mean,policy_0 Alpha Std,policy_0 Alpha Max,policy_0 Alpha Min,policy_0 Log Pis Mean,policy_0 Log Pis Std,policy_0 Log Pis Max,policy_0 Log Pis Min,policy_0 Policy mu Mean,policy_0 Policy mu Std,policy_0 Policy mu Max,policy_0 Policy mu Min,policy_0 Policy log std Mean,policy_0 Policy log std Std,policy_0 Policy log std Max,policy_0 Policy log std Min,Test agent_0 Success Rate,Test agent_0 Collision Rate,Test agent_0 Distance Mean,Test agent_0 Distance Std,Test agent_0 Distance Max,Test agent_0 Distance Min,Test agent_0 Rewards Mean,Test agent_0 Rewards Std,Test agent_0 Rewards Max,Test agent_0 Rewards Min,Test agent_0 Returns Mean,Test agent_0 Returns Std,Test agent_0 Returns Max,Test agent_0 Returns Min,Test agent_0 Actions Mean,Test agent_0 Actions Std,Test agent_0 Actions Max,Test agent_0 Actions Min,Test Ep. Len. Mean,Test Ep. Len. Std,Test Ep. Len. Max,Test Ep. Len. Min,Num Paths,Exploration agent_0 Success Rate,Exploration agent_0 Collision Rate,Exploration agent_0 Distance Mean,Exploration agent_0 Distance Std,Exploration agent_0 Distance Max,Exploration agent_0 Distance Min,Exploration agent_0 Rewards Mean,Exploration agent_0 Rewards Std,Exploration agent_0 Rewards Max,Exploration agent_0 Rewards Min,Exploration agent_0 Returns Mean,Exploration agent_0 Returns Std,Exploration agent_0 Returns Max,Exploration agent_0 Returns Min,Exploration agent_0 Actions Mean,Exploration agent_0 Actions Std,Exploration agent_0 Actions Max,Exploration agent_0 Actions Min,Exploration Ep. Len. Mean,Exploration Ep. Len. Std,Exploration Ep. Len. Max,Exploration Ep. Len. Min,AgentMeanAverageReturn,Number of train calls total,Number of env steps total,Number of rollouts total,Train Time (s),(Previous) Eval Time (s),Sample Time (s),Epoch Time (s),Total Train Time (s),Epoch
0.69230616,0.48632812,0.96537745,4.0,0.504658,0.50957036,3.2147193,0.004438092,2.0,1.0224811,0.8737769,-3.847128,-0.3220384,0.041135233,0.032704677,0.14041388,-0.01174002,0.15049398,0.07987965,0.37469554,0.03661699,0.19994000899935102,0.0,0.19994000899935102,0.19994000899935102,-0.39035493,0.32724342,0.6112733,-1.0615716,-0.031386867,0.052071553,0.03724751,-0.20554921,-0.0002999999,2.0579516e-11,-0.00029999987,-0.0002999999,0.125,0.0625,145.62345459670044,85.44969539832228,312.78333055103406,23.912652318386527,0.817877800529465,0.6743207868961232,4.392979967453805,-0.9900064736764875,170.6893930584149,97.41122787992349,374.36916281198273,25.229388109690905,-0.050098643,0.57464755,0.9953062,-0.99394524,208.69791666666666,139.08968328262065,559.0,19.0,576.0,0.041666666666666664,0.05555555555555555,114.02989733754907,71.36455632301904,312.689759093843,0.025802455015481507,0.7295616968734707,0.6758870845118801,4.561839403125532,-4.759948876506113,126.23950556247412,77.26956522539189,358.5797988615576,-11.815665395563883,-0.05584996,0.6117481,0.99985504,-0.99963766,173.03472222222223,125.82086931617663,801.0,11.0,170.6893930584149,95,100000,576,70.20434000669047,0,1777.7286819498986,1847.933021956589,2211.531061467249,0
0.4356063,0.7871094,0.0065882867,4.0,0.47870582,0.4876846,2.5613372,0.00257449,2.0,3.7069592,3.8787441,-2.8742332,-29.259518,30.045208,18.271122,107.94985,-1.1732129,30.390692,18.40521,107.894585,-0.86674416,0.01954295479651032,0.0,0.01954295479651032,0.01954295479651032,1.2695391,1.6849226,6.4127126,-3.9536579,0.07962534,1.1458141,2.8346925,-2.7261732,-0.47622025,0.05913711,-0.41708308,-0.5353573,0.23809523809523808,0.07142857142857142,232.17171324055843,101.16081069660652,312.51641694539677,4.30867022390264,0.5551777802140526,0.7791920420250712,4.21698941426466,-3.880804596048506,268.7985752536371,115.74014804549765,392.7718325642882,9.728422119190075,0.02307724,0.66459006,0.9928364,-0.9987316,484.1666666666667,297.14497957880576,1000.0,20.0,360.0,0.3333333333333333,0.05555555555555555,211.5094900234504,100.62002024438613,312.727182790589,22.822410474883714,0.8948392036353757,0.7082567996540595,4.362465265994,-3.8122690871493887,247.88040206481722,115.06847879223942,401.11491888613244,25.344142182209467,-0.0009023321,0.7040765,0.99983495,-0.99980193,277.0111111111111,156.35440472382993,797.0,10.0,268.7985752536371,195,200000,936,75.5546465376392,363.5046701799147,1806.633690783754,2245.693007501308,4446.374482637737,1
0.42385578,0.80078125,0.004232061,4.0,0.37974864,0.38518628,2.2596555,0.0042586513,2.0,7.4884143,7.333737,0.6255625,-63.333015,64.49573,34.85553,151.71954,0.16659571,64.50812,34.775597,151.09009,-0.007894918,0.03171148142150983,0.0,0.03171148142150983,0.03171148142150983,2.1812577,1.9647714,7.1882977,-5.9895754,0.37856674,1.3125556,2.5608106,-2.4904094,-0.49087527,0.005771145,-0.48510414,-0.49664643,0.7,0.08333333333333333,259.2817073770617,89.2410840104898,312.6355047229337,8.693506792074015,0.9078302203977557,0.7218185285820122,4.377886258584613,-3.769999999999982,302.8067700136714,101.00580907985457,391.4184663398265,14.096701786046621,-0.0059363223,0.6396843,0.99728805,-0.99379194,333.55,144.36047762459086,525.0,43.0,298.0,0.587248322147651,0.06375838926174497,247.83268385179662,97.80772837776821,312.7258612284551,9.251859836698973,0.8546520104066588,0.7350894046808425,4.47220076376118,-3.8157040801102085,286.46042535385334,108.84198955844178,398.46017106394703,11.481287972801605,-0.019411463,0.7050644,0.99990946,-0.99985206,335.17785234899327,176.0137042199838,1000.0,15.0,302.8067700136714,295,300000,1234,72.40665508247912,352.6555472211912,1804.123872787226,2229.1860750908963,6682.889700697269,2
0.39240462,0.83984375,0.0050319484,4.0,0.4571078,0.5220639,3.2241352,0.00028061634,2.0,4.881674,5.8204584,-0.31526536,-60.694027,60.80068,27.168257,127.22737,-0.27722323,61.125496,27.00839,129.07669,2.4403844,0.03397325563742539,0.0,0.03397325563742539,0.03397325563742539,1.9067831,2.1180773,7.232252,-4.899839,-0.09751579,1.3422943,2.6006262,-2.6165612,-0.4877984,0.013592497,-0.47420588,-0.5013909,0.04,0.16,259.63155791006386,70.47178412472628,312.6827394695332,54.59326781651436,0.35071137493960136,0.6398392507657843,4.161444225665088,-3.8389836505333506,293.8680752893908,78.68232276128428,341.54653513976456,67.59413293657559,-0.0041751983,0.55481356,0.99693936,-0.9958751,837.92,292.6190588461387,1000.0,90.0,247.0,0.7530364372469636,0.08502024291497975,269.0592257394508,84.03927862061231,312.72391112653577,10.35844870120231,0.7669236804218903,0.6713599424335022,4.393161475496484,-3.8035114479918093,308.4709870548744,94.35473018153942,391.8495274208011,15.29068984811096,-0.004376609,0.6535108,0.99988437,-0.9999129,402.2186234817814,181.8573560589757,1000.0,16.0,293.8680752893908,395,400000,1481,72.82835112838075,359.98539179656655,1810.4447684553452,2243.2585113802925,8948.072936080396,3
0.42811888,0.8105469,0.004026134,4.0,0.41928485,0.43537372,2.8131242,0.0031305875,2.0,20.295765,23.444431,0.45369193,-65.48483,58.592697,20.85102,113.744354,-5.190282,58.28284,20.796383,114.01389,-2.0615044,0.03879749295161665,0.0,0.03879749295161665,0.03879749295161665,2.1396134,2.1243324,8.191622,-2.7453804,-0.28747082,1.3716367,2.7370703,-2.6725,-0.47898525,0.0010042338,-0.47798094,-0.4799894,0.8,0.1111111111111111,271.4532760524394,87.08671962224686,312.73459908565195,40.85909904199322,0.6652054382897,0.6110054688651961,4.125764368236204,-3.769999999999982,302.5502156772287,96.07691484565066,359.9537392883149,51.32488554384957,-0.008496644,0.5260203,0.997405,-0.9960622,454.8222222222222,209.2154964399561,1000.0,21.0,173.0,0.6705202312138728,0.11560693641618497,281.86935723569934,66.90459859996605,312.7668467422841,13.268338648505829,0.5377702032706013,0.6144639980610128,4.320041306648989,-3.851034499670277,314.5800264218777,74.12710667259822,379.14483207735987,17.522693051823516,-0.018823626,0.6242708,0.9998369,-0.99989796,584.971098265896,256.481651029813,1000.0,19.0,302.5502156772287,495,500000,1654,74.48690124647692,381.91086460184306,1762.0768842245452,2218.474650072865,11154.111872294918,4
0.41825476,0.8105469,0.004434422,4.0,0.44817,0.4475085,2.7019315,0.00026843083,2.0,3.5035157,3.3904407,-1.3011965,-59.896732,60.09967,18.473623,92.04355,0.48616943,60.43637,18.534231,93.379234,3.0084124,0.031956028268252,0.0,0.031956028268252,0.031956028268252,1.6220541,2.1185412,9.410131,-3.4851675,-0.17388713,1.2816974,3.1384275,-3.1314797,-0.48378712,0.01722005,-0.46656716,-0.50100726,0.7719298245614035,0.10526315789473684,290.87567455797074,43.518086296127265,312.6905306232751,117.7299990220325,0.9126836113777489,0.5948610879640471,4.140075837233468,-1.6902662512160873,322.2573747822557,46.58286290523073,363.80999164773846,137.17897238814083,0.0013809795,0.5625223,0.9986992,-0.99370253,353.0877192982456,82.26727530450044,575.0,146.0,215.0,0.8232558139534883,0.08372093023255814,286.6587791013298,60.317604574696716,312.8714531009909,15.478695386290333,0.6841948670413163,0.6042629958503889,4.27481924726473,-3.795427820093437,318.0615087264113,65.33563248755239,365.46253618972327,16.18659823091987,-0.011228425,0.6318594,0.99988276,-0.9999039,464.86976744186046,164.5977811244997,1000.0,22.0,322.2573747822557,595,600000,1869,73.44837550166994,369.47421813430265,1808.1558783864602,2251.078472022433,13384.70629544463,5
0.39570227,0.82421875,0.0056704106,4.0,0.35541505,0.40826234,2.5687516,0.0039777774,2.0,4.1455574,4.14594,1.4813788,-54.37159,53.161934,19.872992,96.42381,-14.821986,52.888718,19.765404,93.5864,-15.248877,0.02900476206629719,0.0,0.02900476206629719,0.02900476206629719,2.418364,2.03942,9.08565,-2.0245817,0.29745805,1.4225124,2.9671926,-3.1241426,-0.48043442,0.022628412,-0.45780602,-0.50306284,0.5957446808510638,0.19148936170212766,271.06760429642634,77.82341138853366,312.4462987426506,13.589259850120557,0.711869784802566,0.5850331063635009,4.109226128164689,-3.730013404801639,303.6503286323797,87.15635285809904,375.23586535937994,15.780156309130572,-0.010500297,0.53597254,0.99668944,-0.996506,426.5531914893617,167.48627235085448,731.0,14.0,238.0,0.7226890756302521,0.09663865546218488,283.64624163816376,59.985439039579624,312.87144531352817,8.36286120419011,0.7503550248399035,0.5874542165059926,4.299487587177774,-3.769999999999982,314.23796504545385,66.14556467445448,377.97564174089877,12.163073520831437,-0.009109828,0.63891566,0.9999344,-0.9999428,418.7857142857143,139.49793033958466,796.0,9.0,303.6503286323797,695,700000,2107,72.08094047894701,348.9924977379851,1768.514786159154,2189.588224376086,15600.203649322037,6
0.37486464,0.8457031,0.0037949476,4.0,0.41403067,0.44987705,2.3691702,0.000837948,2.0,5.094129,5.3213696,0.1545375,-50.307293,51.86112,16.655462,83.298416,-2.5424018,51.604965,16.583172,84.29208,-3.0392668,0.026931593642137777,0.0,0.026931593642137777,0.026931593642137777,2.0427551,1.94693,7.2867618,-3.2196677,0.10618766,1.3439653,3.1487913,-3.5667162,-0.48968935,0.033480197,-0.45620912,-0.5231695,0.8571428571428571,0.08163265306122448,285.57248018883894,62.20139439908923,312.84277806583793,29.379312641330586,0.7685416152840868,0.5853705595200934,4.062523920261185,-3.7702569917316566,314.91384799334475,68.58839537206445,363.23616368053575,31.146595297626874,-0.01792272,0.58271784,0.9957748,-0.99902576,409.7551020408163,126.0865479581783,666.0,16.0,237.0,0.7257383966244726,0.10970464135021098,283.3012549576511,64.54653768514906,312.97513768377684,13.54837411405277,0.740107418208341,0.5711347386174223,4.271213795979424,-3.7717321348329875,313.2809122137585,70.56781492919774,367.8199517770002,14.46724522002682,-0.015558944,0.64597875,0.99982744,-0.999962,423.2911392405063,135.96128934357733,818.0,14.0,314.91384799334475,795,800000,2344,151.0717547130771,374.92775311507285,2689.527897354681,3215.527405182831,18986.523213882465,7
0.37033904,0.84765625,0.004752896,4.0,0.39107057,0.42003435,2.7131965,0.0078085964,2.0,5.369667,5.4334145,-0.33447897,-50.435246,50.082775,16.317469,86.91747,3.9300494,49.72557,16.154226,84.995186,3.3036287,0.025144941533671538,0.0,0.025144941533671538,0.025144941533671538,1.9091818,2.0951545,9.639475,-5.024118,0.34588343,1.3097285,3.0323038,-4.2864757,-0.49379146,0.02327922,-0.47051215,-0.5170706,0.7611940298507462,0.05970149253731343,267.59900649176853,82.91044764733701,312.7315534369429,23.928617502050056,0.9630064305304301,0.622418685315666,4.261190639025045,-3.700013513488841,290.1667734260943,89.54936553968206,360.94634336226613,25.207513697949928,-0.021110607,0.60153997,0.999827,-0.99950975,301.3134328358209,124.70493041698548,585.0,16.0,241.0,0.9087136929460581,0.06639004149377593,294.49876814312216,53.106099102083704,312.88699159380513,10.158923039287654,0.7780538562412425,0.5780561555978287,4.237958570974026,-3.730013404801639,323.2733061701425,58.251675268230976,371.7213843804072,14.251054815856861,-0.020423377,0.64502054,0.9997146,-0.999871,415.4896265560166,128.46709096440375,732.0,16.0,290.1667734260943,895,900000,2585,153.52724625449628,545.6952063669451,2693.5735985194333,3392.7960511408746,22203.871470199432,8
0.38141102,0.8535156,0.0051520946,4.0,0.4602984,0.4710728,2.7995496,0.0070975507,2.0,15.859325,16.28258,-0.35504782,-49.182568,49.005142,16.607374,85.7702,-5.723484,48.787384,16.471653,84.29683,-3.4899108,0.021962832043237426,0.0,0.021962832043237426,0.021962832043237426,1.9070119,1.8000147,7.8578143,-4.835395,0.46405452,1.2368854,3.2649562,-3.0175126,-0.49139,0.028015926,-0.4633741,-0.51940596,0.7580645161290323,0.08064516129032258,279.3727629114318,69.23811250811062,312.61651077320283,18.098232279413853,0.9336138215989321,0.7085633798360885,4.337997221355408,-3.730013404801639,305.86393458576634,75.64071735310392,370.10630541071373,24.87507751962352,-0.0079029985,0.604936,0.9996408,-0.99998355,327.61290322580646,148.0523397902841,722.0,30.0,314.0,0.6337579617834395,0.08598726114649681,266.26398105292543,73.56042580615558,312.80478247363067,3.238043850991415,0.9118069799037991,0.6531885434931599,4.324490628420847,-3.769999999999982,290.1956386518668,81.47403569588141,375.141759712696,0.293535623586178,0.0007772682,0.6664801,0.9999969,-0.99996877,318.2643312101911,148.8821303170311,776.0,12.0,305.86393458576634,995,1000000,2899,71.7373637421988,370.24496595421806,1795.820278590545,2237.802608286962,24436.798758923076,9
0.38382325,0.8378906,0.0043744007,4.0,0.46395147,0.43221122,1.6803708,0.0033937497,2.0,3.1583633,3.6066337,-0.6687688,-48.796886,48.817993,17.1685,99.49745,0.31827313,48.699345,17.259493,96.77899,-0.006667435,0.021179785976629333,0.0,0.021179785976629333,0.021179785976629333,1.8264933,2.003714,10.257555,-2.4316812,0.18819435,1.3038474,3.58577,-3.6242652,-0.5034281,0.01852782,-0.48490027,-0.5219559,0.7580645161290323,0.12903225806451613,262.273954263367,85.83961665127786,312.5486640306599,26.883681667341307,0.8720614184956613,0.6634953310730543,4.152149620516923,-3.769999999999982,285.13595283458136,92.83519780656107,372.46997016773975,28.328148648972434,-0.011389746,0.56270117,0.9998958,-0.9999731,326.96774193548384,156.60160751265073,832.0,49.0,331.0,0.49244712990936557,0.08459214501510574,252.55604484952298,69.73099714635974,312.87591406504754,23.78863695755867,0.9071193566268282,0.692265017052782,4.37340841248232,-3.769999999999982,273.89797540590666,76.25679843498438,386.14457514369553,25.327478466799047,0.006774478,0.67193276,0.9999653,-0.99998885,301.9425981873112,170.6127743148577,885.0,12.0,285.13595283458136,1095,1100000,3230,73.28692302387208,365.3704195371829,1763.0431355312467,2201.7004780923016,26636.41554133268,10
0.4034133,0.828125,0.005432753,4.0,0.40748745,0.4329041,1.8362362,0.0063829035,2.0,4.0473614,3.4569812,-0.29323643,-48.544144,49.669422,18.852545,98.12727,-6.6948195,49.656017,18.460506,96.87343,-6.284651,0.02315992762182057,0.0,0.02315992762182057,0.02315992762182057,1.9221221,2.1633923,9.796442,-3.7243028,0.14055452,1.3765466,3.3299377,-4.2670116,-0.507451,0.017178982,-0.49027193,-0.5246299,0.8,0.15555555555555556,282.05893484648215,67.80093244925946,312.6614082091545,66.18212259966559,0.6824806958342859,0.622989845845917,4.101465832032339,-3.769999999999982,306.99498322394703,72.27365962340008,370.74408453824117,67.03970375492665,-0.0111473575,0.552363,0.9996913,-0.9996577,449.8222222222222,217.05025417977782,931.0,66.0,299.0,0.7491638795986622,0.06354515050167224,277.9101078154551,66.38591010774167,312.8378516105315,11.109567385726603,0.897801640673578,0.6680841785114516,4.393329632119439,-3.730013404801639,300.5383485452122,69.71818939011634,375.84030408137727,14.715560779137213,-0.019532576,0.6621882,0.9999778,-0.9999712,334.74916387959865,142.99844688085844,839.0,35.0,306.99498322394703,1195,1200000,3529,73.17267233273014,363.28681704076007,1786.8393329628743,2223.2988223363645,28867.85826802533,11
0.38968414,0.828125,0.005886712,4.0,0.36989012,0.39669257,1.927281,0.0043634046,2.0,4.7277985,4.305521,0.41893324,-46.035275,47.8275,17.9001,83.12725,-8.911629,47.173393,18.087046,86.17002,-10.302722,0.022859374182239645,0.0,0.022859374182239645,0.022859374182239645,2.1108732,2.3033216,10.923521,-2.4275157,0.084738985,1.3833781,3.7183526,-4.1846695,-0.51103616,0.015083103,-0.49595302,-0.52611923,0.8135593220338984,0.1016949152542373,286.24404442120505,57.89888236885307,312.702277813569,44.63592215107896,0.8930966132613326,0.624133369772384,4.063583007502018,-3.730013404801639,304.84868973677925,61.06262381412233,361.3240093662946,48.54332417517075,-0.009231775,0.57395035,0.9993874,-0.9990541,341.33898305084745,140.9111524582118,824.0,51.0,264.0,0.8181818181818182,0.07575757575757576,285.5094198091575,63.595297263401356,312.8401848375558,9.272273631866167,0.8142366268617889,0.6123077724418526,4.129751251359886,-3.769999999999982,306.6063534581716,67.99328979614576,366.09032931557914,13.012536454637823,-0.016056169,0.6577611,0.99996513,-0.9999796,376.5568181818182,162.816907158141,826.0,48.0,304.84868973677925,1295,1300000,3793,72.11736534070224,371.42952356813475,1801.8039531460963,2245.3508420549333,31099.100354274735,12
0.3934636,0.84375,0.006066656,4.0,0.4226333,0.44311124,2.3105824,0.0023459275,2.0,5.834515,4.327627,-0.105149984,-44.470226,48.39591,17.641813,94.293015,-3.1940565,47.491478,18.125475,97.00252,-4.0674396,0.022992480247365152,0.0,0.022992480247365152,0.022992480247365152,1.9721279,2.147565,13.08641,-2.0080633,0.2641325,1.3610477,3.736864,-5.255113,-0.50742817,0.0035861733,-0.50384206,-0.5110144,0.5892857142857143,0.08928571428571429,277.00110417728104,64.76135298583023,312.5657872961488,25.149939264693028,0.8259407627480828,0.6069232461485765,4.4359089923655795,-3.730013404801639,298.00237698794666,68.96790373376147,358.5053172394226,30.04690599059724,-0.016161188,0.5890599,0.99954516,-0.9995565,360.80357142857144,146.12487561315214,767.0,70.0,275.0,0.7890909090909091,0.12727272727272726,286.3366337763495,60.513681158193556,312.78293565499877,14.64803967261311,0.8364454062719271,0.5844579958737841,4.288234067593621,-3.769999999999982,304.6151672462808,64.71703223004748,367.6526176326357,15.112986387439339,-0.010119246,0.6612421,0.99999833,-0.9999831,364.1781818181818,150.71471266892306,848.0,22.0,298.00237698794666,1395,1400000,4068,72.65876314695925,357.32260903995484,1801.7518330472521,2231.7332052341662,33316.75077113323,13
0.39491737,0.8339844,0.0049018124,4.0,0.4578103,0.5080343,2.3158603,0.01206236,2.0,3.306425,3.0561337,-0.30427903,-45.836926,44.707565,19.283257,86.738884,-6.1138234,45.010315,19.213316,88.27151,-3.3060758,0.023510251727798605,0.0,0.023510251727798605,0.023510251727798605,1.9188643,2.262856,12.727615,-4.1286507,-0.1374371,1.338526,3.6256926,-3.5769367,-0.5189911,0.0034894648,-0.5155017,-0.5224806,0.7966101694915254,0.06779661016949153,284.6664447006143,56.479202050430494,312.6525041599986,29.57760919776378,0.8817985724789418,0.5328426808696826,4.214759128725056,-3.769999999999982,302.4569103602771,59.506817463835816,349.09961574521446,30.307809592619765,-0.0076249344,0.5792053,0.9996258,-0.99948055,343.0,122.46784427496033,717.0,45.0,270.0,0.7481481481481481,0.08518518518518518,284.20215026814515,55.083531617822885,312.7473671716862,10.860342094722451,0.8181742852498775,0.5764457270193082,4.200271324082934,-3.769999999999982,303.3275102934351,58.29328674902195,362.07434851859836,10.415180573000438,-0.0110485945,0.66128707,0.9999388,-0.99998826,370.73703703703706,140.8447573227166,731.0,75.0,302.4569103602771,1495,1500000,4338,72.51950737042353,343.2398626608774,1775.5956360837445,2191.3550061150454,35528.27860668767,14
0.38697672,0.83203125,0.0045243986,4.0,0.41677555,0.43283466,2.472127,0.0032705436,2.0,8.103855,8.675714,0.40077648,-43.813084,46.660652,16.286665,76.963684,-0.8668485,46.62999,16.48991,79.00403,-3.052236,0.023705047075549504,0.0,0.023705047075549504,0.023705047075549504,2.1070967,2.1369827,8.85185,-3.3211682,-0.04032632,1.3944347,3.3200924,-3.2706141,-0.51417804,0.0039209723,-0.51025707,-0.518099,0.9,0.04,298.13461320166743,36.065243461207885,312.7006113484223,127.5941679691183,0.7890907052070958,0.5395312676679065,4.007718912668182,-3.769999999999982,317.68791791637676,40.75314811004784,358.19740856708125,140.82689057704548,-0.0015227502,0.5770898,0.99953336,-0.9995791,402.6,140.86759740976632,719.0,102.0,280.0,0.8142857142857143,0.09285714285714286,285.9899024270937,58.60195127008461,312.7772014547849,18.167443528431264,0.8492441252559415,0.5792924389217216,4.093224920063392,-3.769999999999982,302.327875576382,61.580627842747376,363.6919912128014,19.020164575737272,-0.0060510235,0.6594133,0.99994737,-0.9999783,355.99642857142857,150.16332770435295,791.0,25.0,317.68791791637676,1595,1600000,4618,73.45643546106294,363.41273840283975,1772.7336734482087,2209.6028473121114,37724.10282606864,15
0.41097993,0.8378906,0.008334182,4.0,0.48235154,0.49357924,2.4167457,0.012688289,2.0,7.2654533,7.2019897,1.067533,-45.71921,45.987076,15.770788,79.44971,-7.6980844,45.900074,15.755495,78.07788,-14.128921,0.02374770128386075,0.0,0.02374770128386075,0.02374770128386075,2.2853894,2.325353,10.5208,-5.086818,-0.11644977,1.4469081,3.9210413,-3.6294272,-0.5182476,0.014885337,-0.5033623,-0.533133,0.82,0.06,293.7811071614187,48.88009722058465,312.5468351506066,12.392681080069657,0.7833374240403641,0.5703574097895869,3.9550245332972622,-3.769999999999982,315.0896454459961,53.63440621007915,353.6943088344116,15.435424401754025,-0.005159361,0.5548431,0.99936205,-0.9994071,402.24,145.5004549821065,668.0,77.0,259.0,0.861003861003861,0.08494208494208494,289.3791757711637,53.16513851370626,312.7492029687997,32.24609708323864,0.7924670090508431,0.563847068281797,4.119092156806033,-3.769999999999982,307.92697808443165,57.43389676712245,356.6621322646505,35.17131238220777,-0.0068913065,0.65135854,0.99998814,-0.99996984,388.56756756756755,145.75119710585514,738.0,26.0,315.0896454459961,1695,1700000,4877,72.89487092476338,349.62652955483645,1779.2106187129393,2201.732019192539,39930.35477588186,16
0.39532995,0.84375,0.005803779,4.0,0.36937135,0.42287382,2.2744186,0.008676065,2.0,4.767926,4.747428,0.234424,-45.281185,45.241905,17.432756,86.558304,2.5742826,45.294434,17.526958,87.75783,2.784536,0.024483998758439054,0.0,0.024483998758439054,0.024483998758439054,2.0631905,2.1471138,13.895074,-2.7169676,-0.08732811,1.3676517,3.7702632,-3.8804932,-0.5188806,0.0014241934,-0.51745635,-0.52030474,0.9111111111111111,0.044444444444444446,291.46698736294536,62.90307674534574,312.6481422484812,37.223476399977415,0.6895848979031651,0.5412622970870344,4.000548202927433,-3.769999999999982,308.07588416544957,67.43541034146064,350.1616870511812,39.26064903008848,-0.011768432,0.5290143,0.9994394,-0.9995992,446.75555555555553,182.26734400697788,888.0,107.0,250.0,0.848,0.076,289.3562698919879,58.06704741262241,312.8089674233595,20.174271843877634,0.7774101503808315,0.5751565359126347,4.109779972543976,-3.769999999999982,310.1959789237564,64.06014755996908,363.2283485380701,22.17642994055329,-0.004386038,0.64688814,0.99993396,-0.99997467,399.012,162.1606482966814,801.0,11.0,308.07588416544957,1795,1800000,5127,73.71697420440614,354.1556474659592,1792.5254633864388,2220.398085056804,42138.48541621305,17
0.38308397,0.8535156,0.005497415,4.0,0.4041124,0.4219934,2.1326752,0.0064005,2.0,5.026434,5.180031,1.0098546,-41.995182,41.88099,15.696663,82.94508,0.14986753,41.407303,15.699361,82.51997,0.6859373,0.024410795985392184,0.0,0.024410795985392184,0.024410795985392184,2.2719667,2.2574391,12.918043,-2.7174191,-0.27446482,1.390936,4.1037893,-4.6157575,-0.51773596,0.004223734,-0.51351225,-0.5219597,0.8518518518518519,0.09259259259259259,293.4639332392681,47.87755294118019,312.72517753021145,58.115771438438664,0.8288624706381154,0.5315104606946899,3.971788909283248,-3.7254347700328196,311.8518299250849,52.68201796327212,356.00719683803305,64.57071332694976,0.00022218678,0.5474079,0.99814194,-0.9994921,376.24074074074076,125.81010605128861,690.0,48.0,260.0,0.8115384615384615,0.09230769230769231,285.9972960068252,61.601764576460056,312.74960762506413,14.23520748842557,0.7912545332595634,0.5634803685545732,4.102979988186746,-3.769999999999982,304.33170992496,66.51361236384462,363.60902095600983,15.921924816541477,-0.0036133016,0.6413538,0.9999322,-0.99999565,384.6192307692308,157.71180268800617,772.0,10.0,311.8518299250849,1895,1900000,5387,73.6376853166148,341.8884416380897,1807.98278795043,2223.5089149051346,44368.87785487063,18
0.3815657,0.85546875,0.005855824,4.0,0.38592386,0.39497977,2.2243404,0.00612204,2.0,3.7691445,4.133138,-0.064174,-43.39663,44.29695,17.103912,81.905334,0.12125158,44.02436,17.198704,83.15013,0.93949264,0.02441259736270722,0.0,0.02441259736270722,0.02441259736270722,1.982715,1.8786212,8.991224,-2.8357894,0.041006662,1.3487084,3.0261993,-3.5369554,-0.52327573,0.0014870764,-0.52178866,-0.5247628,0.8653846153846154,0.07692307692307693,297.8809886780246,47.41692128134126,312.7279358321631,34.07767108915186,0.813314316244955,0.5514973340344127,3.973633400706092,0.0,316.17594044022616,51.45504711766077,356.58314674061603,37.72955523399787,-0.01216448,0.5487204,0.9994178,-0.9988833,388.75,137.32539613296925,644.0,67.0,248.0,0.875,0.06854838709677419,292.36555031113545,52.46216160369982,312.7751100514193,12.893531335315108,0.773085691585482,0.5587106288750566,4.113158157096677,-3.769999999999982,311.17945998721433,57.25329384100234,354.1483502935396,5.63944226570719,-0.005581414,0.6406861,0.999987,-0.99989736,402.51612903225805,148.28827003568725,849.0,25.0,316.17594044022616,1995,2000000,5635,73.08188215456903,348.7727123154327,1789.7862691464834,2211.640863616485,46607.15926226042,19
0.3916735,0.85546875,0.006806182,4.0,0.50199926,0.4660405,2.177636,0.00521242,2.0,5.5075665,5.2591066,-0.6838674,-43.267822,44.41008,17.326155,83.91292,3.366426,43.509552,17.456743,83.07241,2.935597,0.024012428566369766,0.0,0.024012428566369766,0.024012428566369766,1.8166034,2.0116541,7.3759813,-1.9487908,0.076528676,1.303123,3.4508202,-3.1309483,-0.5215324,0.0076929037,-0.5138395,-0.5292253,0.92,0.08,299.80610665471227,43.71439455046221,312.7298038661623,47.79622000931531,0.7893626233346521,0.5377192750969954,4.014246086296112,-3.769999999999982,318.38152049579855,48.65021013265043,363.3249450569013,50.185770811950476,-0.006418598,0.5306036,0.99774504,-0.99927133,403.34,142.20275806045396,770.0,41.0,258.0,0.8527131782945736,0.08527131782945736,289.91383503232925,51.78791161595844,312.796622709182,13.288913696106983,0.7949837039225038,0.5689042531315871,4.212792890436958,-3.769999999999982,308.70326502897694,56.94014256629784,365.72545924782867,13.80646074343722,-0.0072516073,0.6434037,0.9999598,-0.9999507,388.3139534883721,153.23004909232083,934.0,22.0,318.38152049579855,2095,2100000,5893,73.48417196469381,375.41271579405293,1805.0445429091342,2253.941430667881,48845.76873462368,20
0.41632324,0.80859375,0.005101083,4.0,0.42317477,0.4395368,2.1726098,0.005520323,2.0,4.4886675,5.6082563,0.50855196,-44.125763,43.151505,17.772747,79.826324,-25.158031,42.460255,17.868708,81.33941,-30.394978,0.02294283401078752,0.0,0.02294283401078752,0.02294283401078752,2.134715,2.2586932,12.530162,-1.7306391,-0.32413438,1.356514,3.737588,-3.9376001,-0.525682,0.0069475174,-0.51873446,-0.5326295,0.7924528301886793,0.07547169811320754,290.4797606263261,42.247767878556274,312.7742194756593,120.43967247739975,0.80832463542302,0.5891584288862867,4.082090432174255,-3.769999999999982,306.0957628856606,46.88708576346024,350.2503660015956,131.0404474876938,-0.0021028249,0.56305605,0.99929726,-0.99980587,378.6792452830189,163.86554239478187,632.0,74.0,265.0,0.8113207547169812,0.10943396226415095,287.2931091237036,57.67489532114258,312.8740461954982,13.807320805754406,0.8091718932998769,0.5573307404788108,4.253018775519195,-3.730013404801639,305.03948290099777,62.0528134792734,356.56102446260013,16.000907591429435,-0.004310882,0.64346236,0.9999707,-0.9999293,376.977358490566,147.20815533385374,916.0,14.0,306.0957628856606,2195,2200000,6158,73.96356738125905,360.0826609907672,1810.4636619505472,2244.5098903225735,51108.16835813364,21
0.39032513,0.8261719,0.0061347727,4.0,0.4529245,0.43521956,2.206027,0.010322423,2.0,11.466286,9.094404,-0.50905365,-44.507866,40.98671,16.751253,81.34873,-6.4668856,41.674946,16.694412,83.32853,-4.3594313,0.0220105615646214,0.0,0.0220105615646214,0.0220105615646214,1.8665993,2.1287873,10.660394,-3.1922393,0.0040149773,1.3027714,3.3972445,-4.3106894,-0.52568984,0.0044974387,-0.52119243,-0.5301873,0.7931034482758621,0.034482758620689655,288.41901923816226,52.12844658966636,312.57921108009793,65.65607744939994,0.8779792325570424,0.5724051906585105,4.037585031513693,-3.730013404801639,304.4165925296917,55.8112562995635,355.09232524290206,70.75350068072942,-0.0058545764,0.5639383,0.99981123,-0.9999734,346.7241379310345,138.47915230913583,610.0,65.0,262.0,0.8702290076335878,0.0648854961832061,292.52131931179,53.12310074329135,312.68509711944233,13.72809010015137,0.8126253230250843,0.5532731494678257,4.2118744216478206,-3.769999999999982,310.66790164183783,57.92044196127094,360.71387198768565,14.188854730013574,-0.010622116,0.6463161,0.99995244,-0.99997777,382.30152671755724,138.8837063546293,743.0,19.0,304.4165925296917,2295,2300000,6420,72.24691400071606,377.9669647780247,1792.5829964792356,2242.7968752579764,53321.385603782255,22
0.432432,0.8105469,0.0038737494,4.0,0.46339494,0.4317409,2.2723682,0.016263777,2.0,3.7361357,3.4892206,0.106877,-44.358006,43.53386,17.552952,99.5486,2.5482664,43.70709,17.580914,99.2376,3.1532555,0.02246331542180076,0.0,0.02246331542180076,0.02246331542180076,2.0281558,2.0921915,9.131389,-4.0510526,0.067944534,1.3532699,3.1884618,-3.1335816,-0.5201044,0.009067595,-0.51103675,-0.52917194,0.847457627118644,0.03389830508474576,281.69701391709464,64.9976881389466,312.43384951808406,56.47877562877609,0.8799582344091577,0.5660372561965029,4.043239426003311,-3.730013404801639,299.2305433381514,70.71046744736898,351.93043846685504,58.473725679275574,0.0021297515,0.5759285,0.999746,-0.9995023,340.0508474576271,138.34094749393293,611.0,32.0,291.0,0.7938144329896907,0.09621993127147767,284.0471694889608,62.186074539849315,312.72120619451454,22.52630869475876,0.878484338002561,0.5663764282200557,4.263685752464859,-3.817283496705045,301.6371068197247,66.50366260570961,358.8191697475409,29.168230190212224,-0.0057718097,0.654123,0.99999255,-0.9999965,343.36082474226805,135.0902856219606,715.0,26.0,299.2305433381514,2395,2400000,6711,73.47960216226056,348.39080666424707,1782.2860330962576,2204.156441922765,55543.40375146922,23
0.40476537,0.81640625,0.0046681874,4.0,0.43375117,0.39690906,1.8181994,0.008213358,2.0,5.403298,6.1856804,0.60282815,-40.45846,41.910614,18.022049,87.01303,-1.5407623,41.684883,18.260393,85.10147,-2.3125396,0.02218739076034763,0.0,0.02218739076034763,0.02218739076034763,2.158288,2.0968893,10.814522,-3.4340696,-0.05993688,1.4434756,3.3845694,-4.638574,-0.5264306,0.009537817,-0.51689273,-0.53596836,0.9122807017543859,0.07017543859649122,293.445666827758,55.79923097804456,312.69782655532345,75.66247213162224,0.8839966804909132,0.5710088039923173,4.088611893141341,-3.5802255378887935,312.76422904316223,60.77429624528936,353.5953439047354,80.42697230815276,-0.005440029,0.57870555,0.99996257,-0.9998801,353.8070175438597,130.2585066214307,708.0,48.0,269.0,0.8587360594795539,0.07063197026022305,292.19498460377577,54.87778755084529,312.78368061996946,14.122902998961266,0.8320460688956889,0.5561661209987876,4.11375948533167,-3.7982513099906896,309.71600343715323,58.82773258790368,353.40137144863786,16.442578237570427,-0.00798011,0.6485075,0.99998236,-0.9999302,372.2342007434944,140.19039423940785,901.0,14.0,312.76422904316223,2495,2500000,6980,72.2668919605203,366.25406779395416,1820.1704727970064,2258.691432551481,57807.63905615453,24
0.42924735,0.8066406,0.0042243525,4.0,0.43176728,0.3784688,1.8015647,0.010434628,2.0,5.7367735,5.551961,-0.20745358,-41.662266,44.769703,18.497185,92.8971,-16.502237,44.399136,18.487709,96.20502,-2.3365073,0.02216298668703751,0.0,0.02216298668703751,0.02216298668703751,1.94554,2.0691335,11.57119,-2.4544446,0.11566928,1.3568426,3.6125886,-4.5280714,-0.52063775,0.0059665744,-0.5146712,-0.52660435,0.8269230769230769,0.09615384615384616,300.03597990908645,34.20397698888973,312.60512657177173,77.47506489843738,0.7878081028233431,0.6212915447867997,4.12157030259516,-3.7440717880965053,317.97147042416015,36.93058500350248,346.69277573811746,81.39417057979067,-0.0063501266,0.5447259,0.998993,-0.9991717,403.61538461538464,231.88219438112517,1000.0,68.0,255.0,0.8862745098039215,0.07450980392156863,296.22803176686404,43.78988570549411,312.7484493514599,36.49381741029979,0.8035650257078537,0.571305495520003,4.134778058583059,-3.7753636714839516,315.0132462544534,47.286796618477915,366.14787631125716,36.89247111738137,-0.006534933,0.65049934,0.99988997,-0.99999887,392.01960784313724,148.75779632837288,1000.0,48.0,317.97147042416015,2595,2600000,7235,73.91421728767455,371.79897474776953,1771.5567937353626,2217.2699857708067,60034.89254774107,25
0.40559113,0.8359375,0.007232096,4.0,0.424359,0.396118,2.3708296,0.012725728,2.0,3.9508839,3.8388157,-1.3892468,-43.516003,43.45792,18.919664,79.465126,0.79928315,43.75411,18.869091,80.274124,1.6009089,0.024254014278316832,0.0,0.024254014278316832,0.024254014278316832,1.6264081,1.9153181,9.805119,-5.378699,0.059349768,1.3238935,3.551268,-4.1926103,-0.51151663,0.016197637,-0.49531904,-0.5277143,0.7272727272727273,0.09090909090909091,287.8807350912023,60.62928632252868,312.6640978979776,74.16997621314312,0.6507638664073955,0.6047717995314728,4.055806504038628,-3.8649380906459783,304.77934079675447,64.36001525053916,353.18933627054935,81.01597032884943,-0.016449606,0.54867166,0.99839133,-0.99961835,468.34090909090907,254.14419164054905,1000.0,148.0,241.0,0.8547717842323651,0.07053941908713693,294.2248656213494,49.27862963267101,312.9251157209721,31.206836770812334,0.757264182583187,0.5911384251083649,4.486300422033665,-3.87216601885941,312.3227716025769,53.50806685996313,365.89882219509457,33.406043354196434,-0.007142574,0.6432957,0.9999703,-0.9999394,412.4356846473029,187.79974384659477,1000.0,35.0,304.77934079675447,2695,2700000,7476,73.08425338100642,381.78440418001264,1799.2104859072715,2254.0791434682906,62273.783371936996,26
0.40671366,0.8417969,0.004650318,4.0,0.45752162,0.4125676,2.5524657,0.0029120573,2.0,8.523624,7.7630167,-0.57434744,-43.929787,44.068176,19.438976,83.7839,2.923115,44.770645,19.537146,83.85962,3.1943076,0.023967876899764193,0.0,0.023967876899764193,0.023967876899764193,1.8460552,2.0805027,9.586469,-4.913714,-0.2067216,1.3194599,3.5002992,-3.8209658,-0.5105272,0.0119419405,-0.49858534,-0.5224692,0.92,0.08,300.193351462834,43.698845055144346,312.8231630080107,86.66964597842195,0.794854122203394,0.5712687104184316,4.070662760018962,-3.8088733136368944,320.7236383090695,46.49798319740146,355.4199659169324,95.65889774779038,0.0067974604,0.57846487,0.9993744,-0.9997524,403.5,116.15666145340094,669.0,60.0,269.0,0.8587360594795539,0.10037174721189591,286.32544948645744,63.724810496800764,312.930541650161,40.03514288137016,0.8125152890132075,0.572219158188044,4.189191509874604,-3.8295948430840667,303.68438540028586,67.86173700580304,359.58219632715014,44.86769351523767,-0.011587395,0.64657646,0.9999662,-0.99999356,373.75836431226764,149.49281408648218,1000.0,48.0,320.7236383090695,2795,2800000,7745,72.88143358658999,366.59136122791097,1797.8725958196446,2237.3453906341456,64498.76010808535,27
0.4351779,0.8144531,0.0058776457,4.0,0.46078694,0.41198784,2.6165984,0.010507089,2.0,7.2535653,7.549492,-0.46224034,-45.37396,44.45431,20.247505,91.36575,1.6450131,44.937275,20.103954,93.24248,3.5700839,0.025099775152772265,0.0,0.025099775152772265,0.025099775152772265,1.874553,2.054321,7.713623,-4.5199056,-0.2775311,1.3278556,2.8477244,-4.0272765,-0.5178759,0.011177152,-0.5066987,-0.52905303,0.8837209302325582,0.09302325581395349,301.01551331646976,25.705337249299387,312.82488775021125,181.3236770461876,0.6911435598861299,0.5780170855308191,4.084206140529716,-3.730013404801639,321.5103401954013,29.622999389521137,355.4942532981677,188.5009923292954,-0.015773736,0.54154515,0.99926805,-0.9995881,465.1860465116279,168.438140713915,943.0,144.0,255.0,0.8901960784313725,0.08235294117647059,293.1990311770749,53.88390270628994,312.918558608724,12.821909851042726,0.792413204086684,0.5806012159503852,4.2047647357562425,-3.769999999999982,311.05481138301525,57.942285348090245,367.449819005455,12.82192218062395,-0.011014685,0.64553726,0.9999803,-0.9999731,392.54117647058825,157.37719541862347,958.0,22.0,321.5103401954013,2895,2900000,8000,74.34253991115838,354.2248581801541,1823.7881910982542,2252.3555891895667,66749.83474623458,28
0.45436054,0.8105469,0.006704009,4.0,0.460728,0.4194402,2.3383653,0.024550518,2.0,4.6041794,4.382537,-0.81759083,-43.744884,45.005516,19.823856,90.93784,-10.847647,44.718494,19.840887,90.63543,-13.642306,0.024693929790866077,0.0,0.024693929790866077,0.024693929790866077,1.7790782,2.2440042,10.846556,-4.8549356,-0.1598801,1.3232954,3.0813882,-3.7238328,-0.5151849,0.014259458,-0.50092536,-0.5294443,0.875,0.125,294.8457322750034,43.410879040791514,312.6851723981231,103.85285960954599,0.7466819766113614,0.5751920842278428,3.967248204886289,-3.769999999999982,315.50424686732566,46.92337226303832,350.52596817961916,113.51319131346398,-0.025706394,0.5718942,0.99937856,-0.99990153,422.5416666666667,141.54489251549214,755.0,134.0,252.0,0.8452380952380952,0.0873015873015873,289.62625794313954,52.922793285073894,312.9829662094575,36.36248300929043,0.7778301381255028,0.5901845673582339,4.533925625712897,-3.769999999999982,307.06388016270347,57.418975042911995,353.7456276883235,41.71368402689125,-0.0102624735,0.6445609,0.99995667,-0.99999344,394.76984126984127,156.89859543406104,796.0,53.0,315.50424686732566,2995,3000000,8252,76.3003498823382,352.9433915861882,1827.8794401823543,2257.1231816508807,69038.18525070185,29
0.47694474,0.79296875,0.005667588,4.0,0.53555286,0.43528277,2.5164106,0.016547782,2.0,5.227271,4.14006,-0.33766252,-44.94628,48.444412,20.330173,87.98983,-1.2872792,47.80154,20.243698,88.71001,-1.1429331,0.023084963853422444,0.0,0.023084963853422444,0.023084963853422444,1.9103991,2.0846756,8.889513,-4.195838,0.009956272,1.3235911,3.2764385,-3.9110508,-0.514771,0.025231883,-0.48953912,-0.5400029,0.8461538461538461,0.057692307692307696,284.30079738732826,59.00292217500177,312.6045736891622,50.57318833103277,0.7795049678416055,0.6322971213997155,4.00379522383389,-3.769999999999982,301.08379382882015,63.702413151995984,355.82838226288607,50.57304014526447,0.0012258505,0.56362486,0.9998808,-0.9999431,386.25,179.1582749972772,811.0,74.0,261.0,0.8505747126436781,0.06513409961685823,292.4836170265438,46.025914787486386,312.9525244472284,52.728604163636085,0.8011837144249794,0.5801535462905856,4.447073383926025,-3.7938395716308833,309.0512459179789,50.35860224771577,361.9561834404812,56.55132416805172,-0.004486009,0.6434143,0.9999904,-0.9999839,385.7432950191571,148.99674455501847,729.0,74.0,301.08379382882015,3095,3100000,8513,88.29722037445754,384.1723006442189,1883.7269266326912,2356.1964476513676,71402.02080523502,30
0.46368104,0.7910156,0.006688584,4.0,0.5218253,0.43097493,2.15054,0.015904624,2.0,4.1182275,3.5670204,-0.2920796,-47.324306,46.98413,20.51569,92.19866,-14.282449,47.633694,20.461155,96.85145,-12.68717,0.02260821101745742,0.0,0.02260821101745742,0.02260821101745742,1.9229188,2.0787416,8.627488,-3.9999964,0.15679884,1.3547353,3.926075,-3.906475,-0.5177991,0.03432107,-0.483478,-0.55212015,0.8,0.12,290.1845796434078,44.5563605205567,312.74405227328356,118.68202633881597,0.753082373958948,0.5914009941849169,4.471435686164227,-1.6902662512160873,307.5739031723135,46.38886928831337,350.30608866868886,128.458558270132,-0.011407151,0.56073684,0.99971616,-0.9998922,408.42,144.9250965154069,733.0,133.0,258.0,0.8372093023255814,0.10852713178294573,287.13454221316863,61.73141314538106,312.9164576721751,1.7575650789010449,0.7849637164492468,0.5797443635862687,4.0892964270835535,-3.795573591675094,303.83572317630853,65.57149850967956,358.88256860911787,-1.7575757789950748,-0.010394822,0.64414954,0.9999954,-0.9999928,387.06976744186045,158.52555542136207,861.0,25.0,307.5739031723135,3195,3200000,8771,88.15697435941547,391.8122512656264,1898.4993439498357,2378.4685695748776,73804.13444072148,31
0.4261315,0.8183594,0.0052210568,4.0,0.4954917,0.47401038,2.4324818,0.0120513365,2.0,5.2982483,6.143652,1.5364738,-49.12271,46.98947,18.787943,84.87148,-5.65784,46.99334,18.73707,82.71366,-3.0881703,0.022182179642696007,0.0,0.022182179642696007,0.022182179642696007,2.4033647,2.4818668,10.558867,-4.5526743,-0.3713218,1.473953,3.9839678,-4.1639714,-0.5176462,0.033272963,-0.4843733,-0.55091923,0.8909090909090909,0.07272727272727272,295.9049450408389,43.34294045153778,312.770035356054,64.63117257537942,0.8576789064627895,0.591946372929889,4.024111849023072,-0.5396308396752545,312.3198752479408,46.59576861940745,352.3565161082279,71.64603344378682,0.00014823303,0.55958265,0.9999674,-0.9997203,364.1454545454545,139.3003841516361,627.0,119.0,259.0,0.8725868725868726,0.10038610038610038,292.9220138039988,54.58545413643872,312.9434856820193,23.151160368553064,0.8049043778788815,0.585463497812836,4.462616536103212,-3.769999999999982,310.6682279499625,57.92562560211132,356.10515529673586,25.050121841462683,-0.009356841,0.647731,0.9999922,-0.99999726,385.96911196911196,148.2236876959688,710.0,49.0,312.3198752479408,3295,3300000,9030,124.71513135451823,415.45913092792034,1981.4225481632166,2521.596810445655,76309.24215554027,32
0.4516338,0.7890625,0.0066346712,4.0,0.4716843,0.41421178,2.1110406,0.0024666232,2.0,7.4673057,7.298293,-0.19723131,-47.06374,50.177006,22.264376,98.94595,-14.207319,49.646725,21.999737,96.719246,-13.124136,0.02173379486885676,0.0,0.02173379486885676,0.02173379486885676,1.9484873,2.1626058,12.8323,-4.375969,0.21178263,1.3363593,3.808098,-4.8518734,-0.52079725,0.028208124,-0.4925892,-0.54900545,0.9107142857142857,0.08928571428571429,290.7124899271269,58.88313253410345,312.57794866780927,39.057272655794065,0.8430773489847712,0.6053952528063011,4.097406704975299,-3.730013404801639,307.2866387522887,61.77494088825814,353.22847797246385,45.20435783904793,-0.0016940933,0.5526761,0.999976,-0.9998563,364.48214285714283,156.89612021418918,660.0,50.0,259.0,0.8378378378378378,0.10038610038610038,291.0988613279456,55.41783870921379,312.7991175501627,25.278261334605343,0.7988210580537223,0.5802515976133226,4.2891314533736775,-3.7987490112962234,308.89084086926005,59.357636029623556,358.2836921927898,25.9850551560082,-0.012090248,0.6511092,0.9999963,-0.99999756,386.6833976833977,154.4157757785945,766.0,35.0,307.2866387522887,3395,3400000,9289,76.0872194711119,398.9721323461272,1838.3695994201116,2313.4289512373507,78589.53757172916,33
0.4828857,0.7753906,0.0066479053,4.0,0.468375,0.41165337,2.5604982,0.008523358,2.0,9.883472,10.530741,-0.4551959,-48.450512,48.764465,19.860369,96.86999,1.917911,49.425415,20.099407,92.01499,1.9956503,0.021534169156431922,0.0,0.021534169156431922,0.021534169156431922,1.8813921,2.043479,9.90082,-3.1864254,0.033435978,1.3390814,3.3992584,-3.9603872,-0.5172779,0.04961833,-0.46765953,-0.5668962,0.803921568627451,0.1568627450980392,284.5537239235719,60.05267552183931,312.93606209008334,58.25128158873885,0.7585952578764337,0.5928701673324803,4.133845554218084,-3.5773547656186793,302.05478238621055,63.99411615288324,353.54562051350104,64.99306071631241,-0.014674961,0.58338946,0.9999387,-0.9998818,398.1764705882353,172.63593176555932,951.0,80.0,261.0,0.8045977011494253,0.08045977011494253,289.720325586588,52.149748968468366,312.90773616272855,40.29962326352317,0.8068956449605637,0.6015942162340262,4.192904579512771,-3.7233199283132272,308.4536367227982,55.5796110094384,357.14110948712187,45.513037557362274,-0.011337549,0.65261364,0.9999998,-0.9999657,382.27203065134097,165.790497971734,891.0,53.0,302.05478238621055,3495,3500000,9550,73.67812805017456,365.83556907996535,1797.8279703520238,2237.3416674821638,80809.29087604629,34
0.4649157,0.7753906,0.004874203,4.0,0.4547672,0.42771944,2.2303627,0.00982959,2.0,6.0210314,6.0005507,0.26761404,-49.900883,51.335594,20.721825,103.307884,-0.7440462,51.222652,20.803127,104.641945,-4.206667,0.021889861189744307,0.0,0.021889861189744307,0.021889861189744307,2.0700216,2.2981832,9.113185,-3.4375942,0.095301114,1.4141196,3.775399,-4.0673504,-0.521419,0.03724051,-0.48417842,-0.55865943,0.8421052631578947,0.08771929824561403,286.1182281751552,70.76711301626644,312.5247973545424,16.575135244985464,0.8595959464032582,0.5618493094177044,4.060404805807593,-3.700013513488841,302.5325312420309,74.05916199986613,358.95361174941945,23.177418518431768,-0.0014954004,0.5685139,0.9999476,-0.99982417,351.94736842105266,152.80746067170423,706.0,25.0,242.0,0.8140495867768595,0.09917355371900827,289.9533447334633,50.58307908707059,312.8504834746714,31.687723392022452,0.7432776109206314,0.5687228988427995,4.003391042459498,-3.730013404801639,307.32379235007596,53.36912833715547,358.86308725103606,34.8454596427032,-0.004189902,0.6467685,0.9999994,-0.9999767,413.4710743801653,159.22283228335473,852.0,45.0,302.5325312420309,3595,3600000,9792,72.53770079789683,348.2385786692612,1820.6414839453064,2241.4177634124644,83064.24246488698,35
0.49367976,0.7675781,0.006116969,4.0,0.48590976,0.3981948,2.4565833,0.010873536,2.0,3.972993,4.404977,0.430534,-47.964226,49.166935,20.344603,88.62539,-3.020096,48.976784,20.260616,88.62254,-3.067124,0.02209030711576349,0.0,0.02209030711576349,0.02209030711576349,2.112919,2.1879747,9.522817,-3.364273,0.12756407,1.4121602,4.581287,-3.399761,-0.5248928,0.050501928,-0.47439083,-0.5753947,0.8571428571428571,0.08163265306122448,292.73784204366086,43.69224996752049,312.85447119253917,59.35452819877809,0.7394553105755844,0.5739965385349375,4.045844396384027,-3.730013404801639,309.75632050764176,45.20197602398326,349.52285860034186,74.30882825396296,0.0029865124,0.55841327,0.99946696,-0.9998961,418.8979591836735,163.81089706071165,715.0,136.0,264.0,0.8598484848484849,0.06060606060606061,295.1043297184485,45.84606757413052,312.95353919012393,13.346398496039694,0.8205157971249496,0.5594082227290667,4.266440476259181,-3.769999999999982,310.7548180891594,47.98939073992865,351.7124940854255,15.59242599862023,-0.0066844565,0.6503432,0.9999956,-0.99999434,378.7310606060606,141.8415930539672,881.0,14.0,309.75632050764176,3695,3700000,10056,73.6497847638093,361.78037006780505,1787.427286428865,2222.8574412604794,85319.53014070634,36
0.47120786,0.77734375,0.0047008116,4.0,0.4655741,0.4122774,2.085953,0.014786675,2.0,2.9653668,2.8401437,-0.081943765,-50.938194,50.531982,18.796934,87.27879,0.14116359,50.418182,18.88046,84.45437,-3.6726568,0.021820358636211627,0.0,0.021820358636211627,0.021820358636211627,1.9785758,2.03097,8.677362,-3.8307054,-0.21685782,1.3598055,4.026763,-3.5358164,-0.5265383,0.05217455,-0.4743637,-0.5787128,0.9,0.06,300.72932019846644,30.921049639432855,312.6589103107157,117.86699182810464,0.7771446215341369,0.5545986102325589,3.963319473419098,-3.769999999999982,316.76414773731426,32.491125727839254,352.45188656558065,127.48240537836006,-0.0049546426,0.5537356,0.9995982,-0.9997069,407.6,139.13691099057792,820.0,147.0,268.0,0.8208955223880597,0.11194029850746269,288.5746020266839,57.965728679016046,312.71380820713347,13.557391724201363,0.8191620343141147,0.5608783234740483,4.122558136675707,-3.769999999999982,304.337035196223,61.59218697291208,356.8034462492452,14.11230499716657,-0.008712053,0.6495032,0.99996823,-0.9999908,371.5223880597015,146.63301823289396,740.0,22.0,316.76414773731426,3795,3800000,10324,73.39816962508485,394.21274471795186,1775.9073216556571,2243.518235998694,87537.79352399847,37
0.4478025,0.8261719,0.004873365,4.0,0.48191535,0.38258165,2.055394,0.006322067,2.0,3.7122078,3.6998725,-0.37700936,-53.069927,52.884155,21.144007,103.408,-1.2364523,52.832207,21.190586,105.52309,0.3719659,0.022597251562542196,0.0,0.022597251562542196,0.022597251562542196,1.9005208,2.2051675,11.220945,-3.4318461,-0.16757125,1.3801154,5.364443,-3.9424345,-0.52103925,0.043087333,-0.47795194,-0.5641266,0.8035714285714286,0.16071428571428573,279.43500900677765,71.80495184934044,312.8373490365157,59.18301777505185,0.8019193498312545,0.5948134524942655,4.302305697672182,-3.778271398305435,293.5597619917985,75.22696890991378,348.5853911400251,62.273065736409364,-0.011869448,0.57476825,0.9998977,-0.9999431,366.07142857142856,166.6256344048428,759.0,60.0,264.0,0.8598484848484849,0.07954545454545454,287.8992874049728,59.47024103821261,312.7444578310268,28.464900576750143,0.7985170506967333,0.55952523961122,4.103568291602755,-3.769999999999982,301.83339579176896,62.23978464426085,363.15347308586473,28.56750374939627,-0.011056834,0.65222234,0.9999882,-0.9999739,377.99242424242425,155.0676780992504,839.0,50.0,293.5597619917985,3895,3900000,10588,72.88141416106373,368.9475740031339,1796.551765050739,2238.3807532149367,89770.18419063278,38
0.501315,0.7558594,0.0052557467,4.0,0.50298,0.38927075,1.8858135,0.010259723,2.0,7.032699,6.7088947,0.047826856,-48.344433,50.38706,20.166868,92.78343,-0.527393,50.507042,20.185411,95.49607,-1.055004,0.022376900583168012,0.0,0.022376900583168012,0.022376900583168012,2.0125873,2.2409132,9.23938,-3.7255483,-0.30884606,1.3640293,3.863812,-3.4137955,-0.5236326,0.04336353,-0.4802691,-0.56699616,0.86,0.02,303.2020877624594,24.242846973662694,312.85487347564134,163.16510840299745,0.7904857648721013,0.5385858460510737,4.040777210640215,-0.5413608465750315,318.7238603964313,28.608151257713324,347.54967187657934,163.7108586402737,-0.0047760736,0.57772094,0.99959505,-0.9999802,403.2,138.15730165286234,756.0,126.0,259.0,0.8301158301158301,0.10424710424710425,283.49373898297233,64.59515469999307,312.7135106276994,13.975859163557372,0.7662901987900852,0.5384134897715961,4.022654809589767,-3.769999999999982,297.7703118418121,67.75242063997976,351.82238983750517,16.081449934175218,-0.0012263593,0.65506727,0.99999607,-0.9999971,388.5868725868726,150.27181029896514,929.0,14.0,318.7238603964313,3995,4000000,10847,73.07327652908862,362.97029041778296,1824.141342245508,2260.1849091923796,92023.23964024242,39
0.49899644,0.76953125,0.006155762,4.0,0.43584627,0.33715487,2.3782089,0.013188509,2.0,3.9748797,3.8688564,-0.2997887,-49.91537,50.582424,21.958824,107.49518,-6.6562853,51.06814,21.954454,111.77513,-6.55321,0.021514969785464615,0.0,0.021514969785464615,0.021514969785464615,1.9219077,2.069768,9.353151,-3.7275543,-0.07405521,1.3525804,3.804839,-3.8673177,-0.52913487,0.05744357,-0.47169134,-0.5865785,0.7547169811320755,0.11320754716981132,273.7778708116381,83.10706366320689,312.75173020047026,8.755806584844775,0.7579977893056269,0.5645221676783233,4.064094488091001,-3.7513355896562643,288.06776362630075,86.69891580359582,344.62240239377155,5.069003223023472,-0.012737708,0.55192065,0.99987507,-0.9999389,380.0377358490566,174.41730075431389,760.0,32.0,242.0,0.859504132231405,0.06611570247933884,295.5075724903994,43.5970011710958,312.9531285543336,33.49165412196236,0.7524343079582692,0.5334113987400956,4.143064412967135,-3.769999999999982,310.50041210720906,46.28045039218357,360.7719338086123,34.13307566563,-0.0031518005,0.65363044,0.9999847,-0.9999982,412.6611570247934,142.30601142579147,787.0,45.0,288.06776362630075,4095,4100000,11089,72.99709783215076,355.8303182916716,1787.8612070381641,2216.6886231619865,94256.38429443864,40
0.47701713,0.76171875,0.0047996603,4.0,0.56071174,0.4191355,2.0077984,0.015707523,2.0,5.9170804,6.2473764,0.19221395,-48.071022,49.45101,19.772902,104.48553,-0.41956937,50.005264,19.891502,104.63784,-2.6963212,0.02179823114126331,0.0,0.02179823114126331,0.02179823114126331,2.0502398,2.0517693,8.59454,-3.4317985,-0.14588536,1.3705019,4.484249,-3.8044343,-0.5372018,0.05252276,-0.484679,-0.58972454,0.76,0.16,273.8978877446854,71.98966706470726,312.760887407076,62.28012956075027,0.6950643981787348,0.5382188683863971,3.9027210399737484,-3.569999999999993,285.67146765146003,75.19529567071788,353.3262166488807,75.61721783745986,-0.011911428,0.55452347,0.9999782,-0.9998559,411.0,176.95875225599892,772.0,91.0,257.0,0.8754863813229572,0.07392996108949416,293.45910399139035,51.30923246053137,312.93751153050835,17.091512945098664,0.7879619705421985,0.5397165325441534,4.071064024396037,-3.769999999999982,307.4032805077895,54.72943885119681,362.90292516621207,16.86738175729516,-0.0054791956,0.64995134,0.99999905,-0.9999782,390.12451361867704,150.65997503028234,770.0,25.0,285.67146765146003,4195,4200000,11346,73.26098847715184,372.3003267827444,1794.5589507836848,2240.120266043581,96507.46419055713,41
0.4921072,0.78125,0.0044282675,4.0,0.5198165,0.36891612,2.1000037,0.017762784,2.0,5.6732254,5.1743755,0.7883034,-52.77629,52.643448,20.144129,111.5627,1.5916684,52.7993,20.103899,112.32588,3.1889765,0.022674061922603964,0.0,0.022674061922603964,0.022674061922603964,2.208169,2.3515093,10.02864,-6.640976,-0.33839312,1.400477,4.3468003,-4.586985,-0.53035367,0.04973787,-0.48061585,-0.5800916,0.8571428571428571,0.08928571428571429,291.2782450947406,62.39162218268831,312.6738694636403,14.099659479961716,0.8308574989156886,0.521996449260835,4.022386976416783,-3.769999999999982,303.1739666579139,65.0142350925998,340.9449238692908,14.623705651481515,-0.031138554,0.5455771,0.9996948,-0.999986,364.89285714285717,142.11874795539174,656.0,22.0,265.0,0.8,0.12452830188679245,284.99433633566,57.920411965594425,312.971022468624,26.870437066457544,0.7888107312789909,0.5601171047975888,4.060610219552288,-3.769999999999982,296.62557804785934,61.25793422271517,362.32759590860894,27.4386635358942,-0.0057409913,0.6511426,0.99998057,-0.99998546,376.0415094339623,162.247522798733,841.0,35.0,303.1739666579139,4295,4300000,11611,73.57568636815995,383.25764603400603,1804.3156747389585,2261.1490071411245,98737.66407159483,42
0.4841509,0.78515625,0.0044839494,4.0,0.49108618,0.34801582,1.8868427,0.01072112,2.0,4.1709366,4.136546,0.3023012,-54.12694,54.806725,19.588223,105.40268,3.5039403,54.869637,19.403324,103.359085,6.37897,0.02105213189030965,0.0,0.02105213189030965,0.02105213189030965,2.078301,2.1242757,7.684283,-6.0352073,-0.37359115,1.3702832,4.1133647,-3.3911932,-0.53496754,0.04368256,-0.491285,-0.5786501,0.873015873015873,0.047619047619047616,280.0693083059193,84.98358560471901,312.795581408563,15.114903117577942,0.8997417863425112,0.5657003050804693,4.111073771323959,-3.730013404801639,291.0593270739742,87.3974565468132,345.6840079089843,16.382310516063217,-0.0022675404,0.55475104,0.99983674,-0.99993247,323.4920634920635,165.76143433143613,748.0,15.0,269.0,0.8438661710037175,0.08921933085501858,288.7950742581505,57.490642208167834,312.67920074305096,21.332864024228623,0.8102432838230721,0.5531943473251789,4.180502824443749,-3.769999999999982,300.5430292188332,60.31498097530631,357.43355621464224,22.63908219081723,-0.0051235985,0.6473961,0.99997735,-0.9999818,370.92936802973975,153.3521793842704,794.0,28.0,291.0593270739742,4395,4400000,11880,72.2762503195554,352.3107902552001,1749.5211594300345,2174.10820000479,100917.3997424976,43
0.4670974,0.80078125,0.004140938,4.0,0.51365197,0.37847582,2.0193233,0.016804565,2.0,6.778224,6.4001846,0.22442567,-49.37505,49.435623,20.506222,97.967354,-29.669472,49.788765,20.544144,101.21634,-31.219507,0.020953273687679415,0.0,0.020953273687679415,0.020953273687679415,2.0580573,2.339526,12.050365,-3.8756185,-0.15383875,1.4361535,3.986895,-4.2021346,-0.5299646,0.04534209,-0.48462254,-0.5753067,0.9019607843137255,0.09803921568627451,291.1076409655298,54.472010845062606,312.7536904631863,56.65443786045941,0.7591273959667697,0.5233286750266228,4.01186390169903,-3.700013513488841,302.53459456910963,57.84795163193101,346.90967393375144,57.28781104943159,-0.017468825,0.5394392,0.99960524,-0.9998432,398.52941176470586,159.54854850805296,728.0,50.0,271.0,0.8597785977859779,0.08856088560885608,288.594431623491,60.66331069556408,312.9129008056801,15.4999577444922,0.8096021150689848,0.544839326793242,4.151323414051944,-3.769999999999982,299.1644125572256,63.594419272998486,356.5537723775357,16.1223244787348,-0.0064704325,0.6399915,0.99998957,-0.99999267,369.520295202952,161.57312030266948,794.0,22.0,302.53459456910963,4495,4500000,12151,72.90814096387476,357.931940284092,1797.2040135255083,2228.044094773475,103158.50254737306,44
0.5056864,0.7558594,0.0046831705,4.0,0.43109488,0.3289111,1.4263273,0.009066574,2.0,2.973631,3.2867765,-0.1810202,-51.989574,53.054047,19.452797,93.68026,-0.7221457,53.13394,19.624382,96.79058,0.5833435,0.02185612832009655,0.0,0.02185612832009655,0.02185612832009655,1.9526514,2.2696414,11.602482,-3.8192947,-0.33924782,1.303909,3.3972652,-4.141827,-0.53991365,0.039325297,-0.5005884,-0.579239,0.8367346938775511,0.08163265306122448,291.60952080346374,43.931172391037535,312.5447077580623,119.5084724371209,0.7471029717832826,0.5650222347127168,3.967261379282263,-3.801594384603675,306.37320642884237,48.30573632331629,352.16922769654514,122.41981680364242,-0.028234798,0.55741304,0.9997754,-1.0,410.0816326530612,148.95018160920807,744.0,128.0,254.0,0.8622047244094488,0.09448818897637795,291.450182719657,51.6414831775115,312.91654733441743,24.33399173912691,0.7710347260157101,0.5294259617540631,4.026217306875367,-3.769999999999982,303.76643306167745,54.61357464016255,354.5746581019957,25.517370125078628,-0.018364469,0.6398918,0.99996597,-1.0,393.9724409448819,150.16191795093457,827.0,19.0,306.37320642884237,4595,4600000,12405,73.63190875668079,370.99351068306714,1796.992597608827,2241.618017048575,105381.34910153551,45
0.48634863,0.76171875,0.0063300002,4.0,0.54577386,0.38886443,1.7956938,0.020451194,2.0,5.9542127,4.0912514,0.031500578,-52.06238,49.839024,21.8974,92.286125,-8.121547,50.10755,21.592701,94.3936,-7.1370997,0.021068549044184617,0.0,0.021068549044184617,0.021068549044184617,2.0081608,2.4226863,11.17207,-3.831523,0.10496045,1.4158888,5.0998006,-4.018546,-0.53095645,0.039118454,-0.49183795,-0.57007486,0.8775510204081632,0.12244897959183673,295.8583724076175,53.41864704873645,312.92922233569146,32.686874130340236,0.7558933146394067,0.5124614641183755,4.1433696720051785,-1.985734901488911,309.9471117905093,56.75870285365223,347.287804654766,36.81517058442377,-0.009756682,0.53713214,0.9999731,-0.99987155,410.0408163265306,145.24995474848055,649.0,26.0,263.0,0.7946768060836502,0.11787072243346007,284.89169460504235,62.27609123303763,312.82927431712875,13.458676687567495,0.7866519356566817,0.5191899749874044,4.091457816776142,-3.769999999999982,298.2607264938302,65.5917155425328,350.87484615002813,15.557009305907645,-0.013749972,0.6424972,0.9999825,-0.9999789,379.15209125475286,140.9375440289756,747.0,14.0,309.9471117905093,4695,4700000,12668,72.63838451448828,352.22674078540877,1791.111047711689,2215.976173011586,107596.68249358842,46
0.49776962,0.7597656,0.0045978064,4.0,0.5370361,0.38347018,1.7895894,0.016223319,2.0,3.492417,3.4111297,-0.61104274,-50.327885,51.34785,20.99674,87.10632,-9.443428,50.948723,20.989958,86.778656,-9.830912,0.020708105287259616,0.0,0.020708105287259616,0.020708105287259616,1.8423895,2.0230677,8.616702,-2.969354,-0.260564,1.3038,3.7126136,-3.5090435,-0.53613985,0.047112968,-0.48902684,-0.5832528,0.9,0.06,289.4020071823829,51.80335517331969,312.7982507127828,54.460632398482545,0.7514701563947431,0.5342125097420255,3.9973755004125167,-3.72677696089562,303.8795018429062,56.21734308395704,347.89183380481234,61.05769316718178,-0.01443041,0.5311623,0.99992,-0.9999257,404.38,143.49437480263816,679.0,107.0,259.0,0.8841698841698842,0.08494208494208494,292.261247507314,56.37671625844812,312.7968210861861,24.995703735144918,0.7917193395675394,0.5210089742901618,4.148811956691418,-3.7888044440083206,305.952143855737,59.69273235513928,355.71260994747746,26.821257883324964,-0.010470863,0.6456318,0.9999693,-0.9999902,386.44015444015446,141.1809789324729,951.0,37.0,303.8795018429062,4795,4800000,12927,72.945513271261,351.5825700769201,1824.9677992728539,2249.495882621035,109836.46325623011,47
0.51394296,0.7636719,0.006927335,4.0,0.43892908,0.32934883,1.4746344,0.01008573,2.0,4.07103,3.8390212,0.7826261,-55.544647,55.144794,20.070324,96.75328,2.598483,55.513332,19.79038,94.53122,2.548758,0.021850148043840823,0.0,0.021850148043840823,0.021850148043840823,2.2046733,2.2318854,10.921001,-3.0870802,-0.2765528,1.4101237,3.9443104,-4.476378,-0.5443616,0.051822107,-0.4925395,-0.5961837,0.9285714285714286,0.07142857142857142,293.8301614711151,54.29499324519101,312.40914574777844,71.64004458511762,0.8476383169062179,0.5597572291742914,4.0255041856343325,-3.569999999999993,306.73911593043766,56.98638249578493,347.563157451219,72.49968432219468,-0.007969621,0.5567159,0.9999517,-0.9999547,361.875,147.44878802243753,644.0,68.0,255.0,0.8862745098039215,0.09019607843137255,293.6845275560565,50.07791203400121,312.79228804854915,53.64840318429001,0.7815553086018219,0.5537848286168998,4.025783545902641,-3.8294703091505653,308.1534660291936,53.842505557865174,351.98484895321945,53.93464412167566,-0.009985296,0.64902586,0.99999595,-0.99999064,394.2823529411765,156.20466301428021,908.0,50.0,306.73911593043766,4895,4900000,13182,73.1531078084372,341.8690232760273,1791.686731972266,2206.7088630567305,112083.60260873381,48
0.5324055,0.71875,0.006141836,4.0,0.49882048,0.32931602,1.4617771,0.011456832,2.0,2.2723534,1.7935362,-0.33428624,-52.54129,53.77246,22.332907,102.08978,0.6997342,53.602158,22.138145,100.09646,0.9435508,0.021006279399249785,0.0,0.021006279399249785,0.021006279399249785,1.9134587,2.0864656,9.200274,-2.7156796,-0.006862629,1.3605207,4.017784,-4.2499876,-0.5428201,0.039863497,-0.5029566,-0.5826836,0.8518518518518519,0.12962962962962962,283.14999798038207,64.41758899895083,312.6058968725016,56.8331576403213,0.7844166083183196,0.5236319862594755,4.0507512737077604,-3.700013513488841,296.74189768012286,68.32829975149487,352.6313946421467,57.398795671371914,-0.014616733,0.54006857,0.9999339,-0.99971753,378.2962962962963,137.31925893759936,741.0,77.0,260.0,0.8461538461538461,0.09615384615384616,289.94997500759246,54.827921631674926,312.90766534057985,13.555686108305446,0.7919050796196231,0.5566390252552974,4.1438409193664825,-3.8413348661994178,304.4814115362095,58.797642771966935,354.19363113154225,15.69466690462301,-0.010688678,0.6471128,0.9999835,-0.99999577,384.4923076923077,158.5754004665796,1000.0,14.0,296.74189768012286,4995,5000000,13442,87.11570456204936,382.3017075192183,2205.6079234583303,2675.025335539598,114907.3087520022,49
0.5040297,0.7558594,0.004981772,4.0,0.5296794,0.40704852,2.820456,0.010906329,2.0,3.9843116,4.526351,0.11755973,-54.138866,52.59778,21.022219,89.27144,-8.13644,52.51448,21.049887,90.45426,-7.634207,0.021992581520164964,0.0,0.021992581520164964,0.021992581520164964,2.030799,2.1137202,11.75878,-1.7143252,0.11044454,1.3666835,3.3086448,-4.7006316,-0.5432239,0.043372303,-0.49985158,-0.5865962,0.8867924528301887,0.09433962264150944,290.22944930997136,60.353175964772895,312.5139430402133,46.917818384373604,0.7973980207651227,0.5247829660543399,3.953736436043954,-0.5068098235784646,304.6361344236265,63.47523176284294,347.068112217003,53.65910217482526,-0.0077255126,0.56806844,0.9997657,-0.99996734,382.0377358490566,143.70987049570567,726.0,48.0,249.0,0.8634538152610441,0.08835341365461848,289.75083511227797,56.3804582935513,312.7452075404014,22.498342804463846,0.7578153981369459,0.5253604153389632,4.03380977530378,-3.7904492392598286,304.7604840290736,60.01065666545787,353.5567380821141,26.304043124800515,-0.0077424683,0.64487207,0.99997723,-0.99999726,402.1566265060241,152.7674939083745,1000.0,25.0,304.6361344236265,5095,5100000,13691,98.11642273282632,531.435344981961,2539.406530414708,3168.9582981294952,118043.25974221481,50
0.52648747,0.6972656,0.005394541,4.0,0.54553306,0.37071428,1.6580558,0.013217548,2.0,8.182762,8.508356,0.31709832,-51.596146,53.45925,20.53917,86.92138,2.4420333,53.744694,20.43607,87.37669,1.854378,0.021398404669453246,0.0,0.021398404669453246,0.021398404669453246,2.0824814,2.231405,9.550831,-2.5552711,-0.12808152,1.4243598,3.3468268,-3.7456665,-0.5374018,0.044432893,-0.49296883,-0.5818346,0.8301886792452831,0.05660377358490566,297.67513926093164,43.685144493027956,312.8660232558623,49.9320985793657,0.8172288912390997,0.5421404151348826,3.9998144229501804,-1.6902662512160873,311.87304819249107,46.87994029154266,349.59115358393643,51.14665271410329,-0.0033493103,0.5612072,0.99998283,-0.9999564,381.62264150943395,149.895589625742,725.0,41.0,243.0,0.8436213991769548,0.08641975308641975,290.29403823911247,51.63024498674921,312.7997542458442,56.23488042579832,0.7460398890300317,0.5435725312792464,4.312209984425806,-3.773677757170958,304.82944255927083,55.65228703056694,352.14323669948584,57.76600010827928,-0.007186828,0.64512515,0.9999966,-0.9999962,408.59670781893004,164.70545448810353,842.0,66.0,311.87304819249107,5195,5200000,13934,97.4707016106695,498.00046881008893,2492.289911236614,3087.7610816573724,121165.58899355028,51
0.52040184,0.73828125,0.0038325049,4.0,0.55913204,0.36222887,1.7327626,0.022172986,2.0,4.7024174,6.3851786,-0.5918825,-49.583492,51.128883,22.176758,88.66722,-16.43769,52.145027,21.976496,87.71571,-5.485339,0.020628134000226186,0.0,0.020628134000226186,0.020628134000226186,1.8474873,2.1462862,8.285762,-6.5773973,-0.09162351,1.356471,3.433836,-4.0273156,-0.521703,0.048186805,-0.47351617,-0.5698898,0.8301886792452831,0.09433962264150944,290.26674117158643,56.60959115832055,312.5555338687739,31.79787092360128,0.7932117348260194,0.5455344114364826,3.954031172829359,-3.769999999999982,303.7402294017748,60.983368597411285,349.40188478180016,32.42687500067006,-0.010069113,0.5697611,0.99977,-0.9999318,382.92452830188677,143.91085409608374,667.0,45.0,255.0,0.8901960784313725,0.058823529411764705,296.2208043137542,43.49831432490501,312.80481146221075,67.5071245968444,0.79239477024422,0.5545073101895304,4.220982976255414,-3.788720453762039,311.53854935531194,46.61901920011473,350.3472131765354,71.7334486436902,-0.0074486835,0.6522228,0.99999034,-1.0,393.1607843137255,151.3773159871164,846.0,47.0,303.7402294017748,5295,5300000,14189,72.74551233882084,532.5828143297695,1796.4908105926588,2401.819137261249,123386.7241629595,52
0.49712196,0.7734375,0.0040923413,4.0,0.5121851,0.3586815,1.7374494,0.009459718,2.0,6.462188,6.0048313,0.6884335,-53.04687,51.767975,21.50244,93.44679,2.8346272,51.57219,21.407259,92.993195,-0.07095957,0.020689311476629096,0.0,0.020689311476629096,0.020689311476629096,2.1775067,2.1351156,8.954592,-2.350575,0.27490762,1.3471692,3.575851,-4.1846046,-0.5466698,0.051315576,-0.49535424,-0.5979854,0.8421052631578947,0.12280701754385964,284.72988699252795,58.88459503369872,312.7109294490957,43.88214782498089,0.8394889630689302,0.5537869658069874,3.97373221632202,-3.8003762347106544,295.8241282842549,60.288609934946,344.9761884320491,44.36047923903601,-0.008947655,0.550792,0.99996245,-0.9999895,352.3859649122807,130.3005640663108,679.0,67.0,247.0,0.8785425101214575,0.11336032388663968,291.6138128592105,57.54904206756645,312.89688663403064,16.63222488663584,0.754354120059804,0.545897056528594,4.375893027353925,-3.8054003064762583,306.32885404954845,61.31047610166906,357.03639689892293,17.413623675382855,-0.0043222783,0.6445722,0.9999988,-0.9999976,406.08097165991904,157.47224394676917,901.0,22.0,295.8241282842549,5395,5400000,14436,73.2207975499332,351.8588207070716,1831.1842933311127,2256.2639115881175,125637.91729035648,53
0.51983666,0.734375,0.0038416428,4.0,0.48469353,0.34064206,1.7479815,0.01602959,2.0,7.198613,6.0673966,1.0065191,-53.729828,56.953846,20.905031,94.943855,-0.5390743,56.36915,20.790384,95.78947,-1.1571012,0.019905747972699738,0.0,0.019905747972699738,0.019905747972699738,2.256952,2.404866,9.469309,-5.0227146,-0.23672353,1.4703144,4.734562,-4.1387696,-0.54143614,0.055185225,-0.48625082,-0.5966213,0.8653846153846154,0.1346153846153846,288.5832623681927,56.63734547287445,312.76676564664086,65.04812164921688,0.7764646754435492,0.5571090946545814,4.2567925946404905,-3.730013404801639,300.8800617343753,59.360954927420956,345.73395038124755,67.70902947251247,-0.0045447955,0.5594949,0.9999633,-0.99997985,387.5,148.27670339345548,760.0,139.0,256.0,0.8671875,0.09375,291.791375228416,55.46248861973099,312.7974013479593,6.483574131580024,0.7823765188564535,0.5696512678873725,4.574042858714122,-4.171572290900994,305.267425634749,58.82757620159439,350.05815983968523,2.8335373435742843,-0.0038870387,0.64734423,0.99999994,-0.9999984,390.1796875,169.69229659858559,1000.0,25.0,300.8800617343753,5495,5500000,14692,73.16750731039792,346.789862788748,1799.9433454023674,2219.9007155015133,127869.17963892082,54
0.50733274,0.76171875,0.0041193264,4.0,0.5667223,0.36387345,2.2234457,0.019284064,2.0,2.3835773,2.5615053,-0.9506854,-52.78258,52.879826,23.648415,92.0403,0.6745918,53.031197,23.73485,94.03498,-0.008996725,0.01973093353018613,0.0,0.01973093353018613,0.01973093353018613,1.7578105,2.1959622,9.872124,-7.0049434,0.040193576,1.3323399,4.5325313,-4.3137984,-0.54447174,0.04881692,-0.49565482,-0.59328866,0.9148936170212766,0.0851063829787234,301.2285726484555,35.6722895511379,312.9414178836166,110.19916478528104,0.7390332651646991,0.5414108084029665,4.309598799410992,-3.730013404801639,318.9793365347039,39.27477997238394,347.75682292932436,113.26514557618664,-0.0011236493,0.59075075,0.9999942,-0.999974,431.6170212765957,138.22346279746776,717.0,141.0,259.0,0.8841698841698842,0.0888030888030888,293.85165115230035,49.86624232980993,312.8708468936669,26.23706047868255,0.7956507080536791,0.5529543798727415,4.41882333611386,-3.8552447288984055,308.05813649774086,53.111121678514195,351.13676715356746,36.566851529751304,-0.00386024,0.65209275,0.99999905,-0.9999996,387.17760617760615,144.33655744515676,798.0,35.0,318.9793365347039,5595,5600000,14951,72.98259527236223,358.1385606159456,1756.7026502350345,2187.8238061233424,130060.98196219467,55
0.5007955,0.77734375,0.0032733926,4.0,0.4854518,0.31308213,1.5098206,0.01809223,2.0,3.366834,3.654892,-1.2488949,-57.66856,56.70532,20.360788,94.353516,1.2439325,56.813786,20.27046,94.624825,3.2491984,0.019383039566749253,0.0,0.019383039566749253,0.019383039566749253,1.6832488,2.1330633,11.645237,-2.9136248,-0.06347895,1.2820798,3.5552943,-6.118252,-0.54361933,0.054013953,-0.4896054,-0.5976333,0.8823529411764706,0.11764705882352941,290.5257096395658,55.05802430448665,312.8757852528873,54.05084433206422,0.7669201092054629,0.5620579334183563,4.3119828571778385,-3.576555886118456,308.3018839005961,58.340790275552756,355.1721489915154,54.314141153629585,-0.009058244,0.57928073,0.99999493,-0.9999815,402.0,146.59748814154958,775.0,136.0,245.0,0.8734693877551021,0.10612244897959183,287.6476578774953,61.08702487940999,312.87168292794576,29.705988355829003,0.7395195111804506,0.5503249810124142,4.591984105162396,-3.8238271283464655,301.533798401606,64.60838122699853,364.092530877935,30.401116772309134,-0.007881058,0.65862095,0.99999505,-0.9999994,407.74285714285713,158.4615423633232,1000.0,21.0,308.3018839005961,5695,5700000,15196,73.05720242718235,362.123493317049,1784.6849571140483,2219.8656528582796,132264.79188944073,56
0.48517534,0.7578125,0.0032442794,4.0,0.51503587,0.3385702,1.7940267,0.0070755826,2.0,2.9815357,3.5088677,1.0433228,-55.27636,56.777176,21.247221,94.00795,3.3639157,56.959984,21.142256,92.59937,2.078337,0.019769703420195493,0.0,0.019769703420195493,0.019769703420195493,2.2658854,2.4370093,13.555984,-2.8028188,-0.1641627,1.4675848,6.920957,-6.107858,-0.54236865,0.048589747,-0.49377885,-0.59095836,0.8,0.16363636363636364,280.6411400115742,68.45379685871353,312.8610700147419,43.898826128192006,0.8022853413668268,0.6116445422527176,4.461738407811595,-3.6900135501106206,294.6283513623121,70.94626130369997,352.0763380904565,47.54949999124227,-0.007375047,0.5893656,0.9999721,-0.9999984,367.23636363636365,174.10289158857796,732.0,61.0,257.0,0.8871595330739299,0.08560311284046693,294.95763127394855,49.59836282177453,312.9853730540797,33.18950702050865,0.7923494502459514,0.5769581452715667,4.663197411518581,-3.813562613794808,308.2116038585118,51.65893672555461,352.253812296891,36.92166969019241,-0.011038604,0.65497446,0.9999981,-0.99999887,388.98443579766536,161.2805991567814,1000.0,26.0,294.6283513623121,5795,5800000,15453,73.24005982931703,346.07398508396,1768.9565287460573,2188.2705736593343,134462.70711072953,57
0.53261554,0.7441406,0.004073675,4.0,0.5604697,0.37377664,2.0993817,0.023769552,2.0,5.573846,4.834885,0.3049732,-56.101192,58.019592,23.072647,104.36533,-0.21404672,57.16777,23.13254,104.19023,-1.4930313,0.020129758915668997,0.0,0.020129758915668997,0.020129758915668997,2.0780852,2.2089245,11.263933,-3.7462602,0.0022602202,1.3604964,4.1661777,-4.7864804,-0.5510907,0.059431102,-0.49165958,-0.6105218,0.9122807017543859,0.08771929824561403,291.79381928900676,56.7739660764668,312.72564740354113,15.285889692083531,0.8686599743046051,0.5578205081811679,4.159113155261636,-1.6902662512160873,305.2958818463887,59.60984125299404,351.11574780214744,15.151614888131324,-0.01229655,0.601444,0.9999987,-0.9999359,351.4561403508772,118.19491338469432,567.0,87.0,245.0,0.8857142857142857,0.08979591836734693,291.70438542610236,57.111393464120475,312.7423617386313,24.667945511846376,0.748445895605977,0.5513889009481897,4.514847105440481,-3.797116585394292,304.8893639390161,59.455487719221246,350.03025776667124,24.321799382449612,-0.010437622,0.65884084,0.9999991,-0.999999,407.36326530612246,163.04073197583273,1000.0,26.0,305.2958818463887,5895,5900000,15698,73.03031053533778,355.72054765280336,1759.975650168024,2188.726508356165,136649.4028349039,58
0.5323757,0.7324219,0.0034575649,4.0,0.55498326,0.36126128,1.9758656,0.0059065064,2.0,3.8413277,3.6435835,-0.4578192,-56.73849,56.251106,21.613535,99.52821,0.8771894,55.835197,21.696611,97.437515,-1.2419741,0.020401021517609436,0.0,0.020401021517609436,0.020401021517609436,1.8823702,2.4345293,12.610136,-4.829998,0.36021104,1.348236,4.9178653,-3.503466,-0.56168014,0.06344357,-0.49823654,-0.6251237,0.9019607843137255,0.09803921568627451,295.59070048417414,39.098392269169146,312.87192204169355,102.68648975118967,0.778458724486599,0.5263993092213075,4.194956673368651,-3.6900135501106206,309.59761389728806,41.120084187190606,351.956443065204,106.22669813023077,-0.010155534,0.59215635,0.9999589,-0.99997956,397.70588235294116,138.51626847437305,748.0,143.0,272.0,0.8566176470588235,0.09558823529411764,287.789254164696,62.4187695672497,312.851492544471,13.637932853081242,0.820469801086223,0.5710322934485642,4.2531274733819195,-3.730013404801639,300.8228394217899,65.18604395858934,349.033660810876,13.53820357543914,-0.008820793,0.6584477,0.9999978,-0.99999887,366.6470588235294,155.87150766934343,703.0,25.0,309.59761389728806,5995,6000000,15970,71.83738122042269,353.6892135110684,1773.9468855136074,2199.4734802450985,138851.6322016269,59
0.5425614,0.703125,0.0052255373,4.0,0.5490817,0.33498308,1.8681285,0.0317981,2.0,5.9536457,5.763339,0.17778131,-56.419994,56.747097,24.677868,102.81418,-9.751492,56.758377,24.642414,106.686935,-14.614935,0.02034584807936575,0.0,0.02034584807936575,0.02034584807936575,2.0456429,2.2323878,9.177973,-4.3202887,0.16348009,1.4254953,4.3458824,-4.427453,-0.5505244,0.069534585,-0.48098978,-0.62005895,0.8823529411764706,0.09803921568627451,296.82114141163413,38.53216581212677,312.70908449607595,100.16484368640795,0.7833221191609556,0.5097708669379607,4.221628879494091,-3.569999999999993,308.6749927211319,40.298127285541995,341.72541601052865,108.8004553036808,-0.0027939396,0.5551226,0.99997777,-0.9999843,394.05882352941177,129.9007783889954,668.0,78.0,238.0,0.8697478991596639,0.07563025210084033,291.6672361304251,56.0643263100847,312.6923246098039,14.316939118254352,0.7256898906263042,0.5177943883208674,4.318805151817337,-3.7228658244842308,305.30505486773626,58.863094202122305,349.4711595030051,16.462618663859917,-0.007853625,0.6594964,0.99999845,-0.99999964,420.71008403361344,140.93563397353543,757.0,22.0,308.6749927211319,6095,6100000,16208,73.31692740228027,356.4447084479034,1798.5806692074984,2228.342305057682,141089.04826407786,60
0.51434577,0.7636719,0.0039182054,4.0,0.52697074,0.33012983,1.8690966,0.010709401,2.0,6.76687,5.5758476,0.55278075,-56.3481,59.64595,20.597054,106.16803,-9.515682,59.077587,20.490309,106.796364,-9.732254,0.02068659208363329,0.0,0.02068659208363329,0.02068659208363329,2.142529,2.1776533,10.060739,-4.9974093,0.17883575,1.4563326,4.823882,-4.140547,-0.55501986,0.070351034,-0.4846688,-0.62537086,0.94,0.06,296.2458503290994,55.89295760461967,312.46496505095917,15.609732781069043,0.7606603608371825,0.5209565230351214,3.9769927869794515,-2.0983322970980893,305.34428204726174,57.99001397339477,342.4556336852563,15.391694230399093,0.0054101404,0.5448606,0.9999438,-0.99996215,401.42,155.52724391565613,823.0,77.0,242.0,0.8801652892561983,0.09504132231404959,295.0443478718597,47.38115605119457,312.94013345550695,27.599981656561305,0.7437586314685396,0.5153470926183479,4.2952627101715635,-3.761348864398201,307.0585996338443,49.96017268292411,372.70945811330694,28.068811059739375,-0.009248376,0.65458155,0.9999951,-0.9999992,412.8471074380165,145.72802901997375,1000.0,49.0,305.34428204726174,6195,6200000,16450,72.18766136281192,365.52030893601477,1780.2198011772707,2217.9277714760974,143306.00397991762,61
0.5318451,0.7265625,0.0035897181,4.0,0.56841624,0.370212,2.1456017,0.022166543,2.0,3.414609,3.8701334,0.09159213,-55.00625,55.746735,22.829144,93.954704,-3.9488945,56.28956,22.630444,94.4092,-3.1764534,0.020349673328682722,0.0,0.020349673328682722,0.020349673328682722,2.023517,2.2066321,12.081995,-3.8987317,-0.01799966,1.4097811,4.53917,-4.304764,-0.55948496,0.064298965,-0.49518603,-0.62378395,0.94,0.06,290.9216044112385,66.0470593601035,312.7525881855977,23.769652271042965,0.7430366056052352,0.5278791749608751,3.9282162260872724,-3.6900135501106206,299.38430913046136,68.77966036688964,343.85393795259336,24.700808370879443,0.0021317345,0.56886196,0.9999959,-0.99999976,402.92,173.55976953199726,796.0,25.0,248.0,0.8830645161290323,0.08870967741935484,296.0625271111145,46.04728859878739,312.9740437243131,23.855229509949698,0.7570770502554871,0.5025661028891714,4.12851732294132,-3.7887554632497995,306.4666215814461,48.08672636573056,350.1090554943419,25.783200356097506,-0.0064405077,0.65274704,0.9999993,-0.9999899,404.8024193548387,139.78802094814253,839.0,50.0,299.38430913046136,6295,6300000,16698,72.42608660738915,364.54876415710896,1775.0054633286782,2211.9803140931763,145521.48521347344,62
0.5462516,0.73046875,0.0037067237,4.0,0.50087255,0.32182968,1.6434059,0.003840875,2.0,5.0727205,5.260563,-0.26784825,-53.86883,54.340923,22.362947,96.03692,-5.7107306,53.739197,22.566917,97.0493,-9.967823,0.0193051746865725,0.0,0.0193051746865725,0.0193051746865725,1.9321421,2.1145306,10.054857,-4.081443,-0.012449481,1.3180462,4.17935,-3.7426317,-0.563057,0.078507096,-0.48454988,-0.6415641,0.9,0.1,290.6219192647879,59.392947016644555,312.65809766501053,35.7626526679919,0.7373339680499017,0.5234180927682126,3.9279399919498985,-3.6900135501106206,299.29860431081613,62.0420329774078,339.2226907199271,37.1198202234311,-0.005554772,0.5539832,0.99997437,-0.999988,405.92,164.31613919515027,719.0,55.0,258.0,0.8837209302325582,0.07364341085271318,289.99515769533724,57.418059613168666,312.932891686609,14.788616419710745,0.7769693446834627,0.5280652408430663,4.241189429270889,-3.730013404801639,300.9310686286216,60.15329696513493,363.95815981078067,14.462544860005966,-0.0075621842,0.6522797,0.9999986,-0.99999917,387.3139534883721,150.3884836244137,817.0,17.0,299.29860431081613,6395,6400000,16956,73.89122722484171,368.0501540247351,1828.4837833754718,2270.4251646250486,147795.72582092974,63
0.5396011,0.7265625,0.0035560934,4.0,0.5407566,0.33687934,1.6759605,0.029958298,2.0,3.0527582,2.4270015,-0.19640344,-52.678547,53.047005,23.877594,88.636024,-31.283857,52.93519,24.179855,90.65914,-43.319973,0.018214188392291417,0.0,0.018214188392291417,0.018214188392291417,1.9509667,2.206975,10.100418,-4.1702785,-0.032770254,1.4092882,3.5011601,-5.2017803,-0.563661,0.07079368,-0.4928673,-0.63445467,0.92,0.08,299.2925656588033,35.87326247511086,312.76315490415595,119.93628523877587,0.7658231961353897,0.5229952849641359,3.904074483429895,-3.700013513488841,308.4582669394123,38.3254052189248,342.90734931823476,129.73255999011155,-0.014066815,0.5774191,0.9999981,-0.99998766,402.78,146.81965672211606,719.0,156.0,252.0,0.8690476190476191,0.0992063492063492,286.00231102700616,64.74760032218364,312.8982707106655,15.203752371704876,0.743872752313357,0.5130893639377488,4.111758854118648,-3.81676293053836,294.97506505225857,66.32000889098869,355.7688940943204,16.380287442700055,-0.004737081,0.6502477,0.9999995,-0.99999934,396.53968253968253,160.4733647875822,824.0,49.0,308.4582669394123,6495,6500000,17208,81.3972895545885,371.8666803664528,2004.6925943591632,2457.9565642802045,150416.49539878545,64
0.52474046,0.7265625,0.0042193765,4.0,0.5205784,0.32714802,1.6794128,0.009063255,2.0,5.417854,5.0630426,0.74693614,-52.121357,54.46201,23.898565,100.717766,-1.2858753,54.677334,24.059992,100.48822,-1.1097963,0.021453589094716913,0.0,0.021453589094716913,0.021453589094716913,2.1944046,2.308787,10.178885,-3.934698,-0.12678933,1.3940376,5.1263037,-3.7913263,-0.566202,0.06855658,-0.49764544,-0.6347586,0.9,0.08,295.4520555961374,49.045452979732026,312.7680674679214,82.97807886198937,0.7430905446485886,0.45283915632286337,4.057671304615578,-0.6202269750015148,303.09177135126635,49.95337191259861,337.33466821681026,91.43745965644308,-0.0016034566,0.5687912,0.99998456,-0.9999618,407.88,144.93786806766548,753.0,65.0,250.0,0.816,0.112,286.21248192856194,59.97444533953849,312.90191549814597,9.766615024672777,0.7387571542951774,0.49331830435575874,4.181965203771199,-3.730013404801639,294.61044307568244,62.011728051928955,348.8472294515039,13.598422853542015,-0.0025452,0.6531263,0.9999946,-0.9999997,398.792,154.16195618893786,759.0,11.0,303.09177135126635,6595,6600000,17458,99.63177361153066,534.6814815141261,2514.309505779762,3148.6227609054185,153584.4346545334,65
0.5498834,0.73828125,0.003246598,4.0,0.54853165,0.3594848,2.288902,0.004776382,2.0,6.545961,6.7430286,0.76851296,-54.400723,52.903942,24.31783,101.11052,-10.085089,53.19986,24.162275,100.95903,-8.856287,0.02090190670152588,0.0,0.02090190670152588,0.02090190670152588,2.19868,2.2078745,9.731939,-2.1225607,-0.0015541185,1.4178095,4.3534946,-4.126846,-0.5595028,0.08041453,-0.4790882,-0.63991725,0.8627450980392157,0.0784313725490196,286.50266517390423,65.05159165387353,312.76414779018705,43.577620224800484,0.7386161037300679,0.5055742110958948,4.057263771178171,-3.818251035424918,294.56299870129124,66.34996479555393,340.6864214526888,48.75651188062108,-0.0047440412,0.56077117,0.9999998,-0.9999994,398.80392156862746,172.12478597054408,834.0,53.0,261.0,0.8850574712643678,0.09195402298850575,293.97155576321427,49.58536542519655,312.9159371563968,21.726713421404867,0.7857691174386056,0.5150767372181645,4.145014740303026,-3.6900135501106206,302.5180996042178,50.89365238670185,343.5913359019055,21.577761649925733,-0.004643946,0.65061796,0.99999934,-0.9999974,384.9961685823755,142.91552304986067,780.0,66.0,294.56299870129124,6695,6700000,17719,91.37925483984873,554.4968237099238,2131.447749009356,2777.3238275591284,156213.2664885074,66
0.5590359,0.70703125,0.003271416,4.0,0.5211326,0.33700046,1.5018963,0.02176375,2.0,3.7395341,3.4035442,0.12764564,-57.152065,55.92749,23.719244,97.48343,-1.3961108,56.117546,23.849329,98.43192,-2.383792,0.021993922013205675,0.0,0.021993922013205675,0.021993922013205675,2.033441,2.2580724,9.359701,-5.6808505,-0.29364002,1.3551447,4.0294113,-4.204996,-0.57015866,0.073774055,-0.4963846,-0.6439327,0.8148148148148148,0.1111111111111111,280.74820470818827,62.188311979962016,312.780245118466,57.52586208485138,0.777456001219371,0.48245931557889377,4.016981693625951,-1.6902662512160873,290.79733912275657,65.21133390123731,346.8997908058459,58.2798558021912,-0.0023470174,0.58001304,0.9999973,-0.99999857,374.037037037037,140.91446879986017,629.0,73.0,260.0,0.8576923076923076,0.1076923076923077,289.5859834140716,54.99760050215134,312.78886103109966,14.326654873432096,0.7742974431744399,0.5087697118670081,4.071784947018649,-3.7978145897916082,297.48209960053066,56.29522379351697,343.53351739354093,16.497473400135636,-0.010296609,0.6450303,0.9999952,-1.0,384.19615384615383,158.41924655014236,837.0,14.0,290.79733912275657,6795,6800000,17979,77.13539062673226,405.49725940218195,1873.193052011542,2355.8257020404562,158518.07025285903,67
0.56413853,0.7265625,0.0033502302,4.0,0.55992913,0.3501921,2.3472605,0.0072800945,2.0,10.76659,7.9926558,2.2095065,-56.721092,62.904922,21.384966,105.054825,3.7393248,62.251602,21.439238,101.03504,2.279832,0.02165426520302394,0.0,0.02165426520302394,0.02165426520302394,2.576384,2.273431,10.956475,-2.702836,-0.34403962,1.512594,4.065216,-4.1663227,-0.57415795,0.061765254,-0.5123927,-0.6359232,0.8979591836734694,0.08163265306122448,300.0900911532907,29.68065112791209,312.76180604293,170.2231157680192,0.7418394291335166,0.4864832934548811,4.1198704322737,-3.59582038367496,308.4689462978654,31.449671816530334,359.624678109576,173.63202483282078,-0.0078001223,0.5791737,0.9999708,-0.9999671,415.81632653061223,138.58654902326955,663.0,146.0,263.0,0.8859315589353612,0.08365019011406843,292.78205443331433,55.68738861406571,312.8849448164156,22.7601007049099,0.7913985109205942,0.48751437621088406,4.14494333761461,-3.769999999999982,299.94304475871866,57.34986119974517,349.167400999195,23.638015910574325,-0.0052895807,0.6501944,0.99999976,-0.99999756,379.00380228136885,143.38730814696922,844.0,25.0,308.4689462978654,6895,6900000,18242,70.95799392694607,354.47292360989377,1805.0627666339278,2230.4936841707677,160750.3542265715,68
0.559101,0.7089844,0.003863793,4.0,0.57840276,0.37130666,1.8767061,0.010334814,2.0,4.3566628,4.52794,0.06701946,-60.865356,60.493706,24.467566,100.36466,-17.409698,60.524773,24.586557,100.15834,-16.8373,0.021947704599221428,0.0,0.021947704599221428,0.021947704599221428,2.0175486,2.2522192,9.909837,-5.131938,-0.0077129146,1.3754731,3.9485354,-4.297334,-0.56664115,0.068213716,-0.49842742,-0.63485485,0.9591836734693877,0.04081632653061224,304.35032921685035,18.87664985359162,312.9694818488349,208.73839926820804,0.7612174130934307,0.4766485182467239,4.076839078836564,-3.569999999999993,311.46220234918763,20.896425991567224,340.34683409269235,212.4153536693612,-0.010830606,0.5607768,0.99993616,-0.99998915,409.16326530612247,118.48884334611863,635.0,190.0,262.0,0.9045801526717557,0.0648854961832061,296.5817457944494,44.80598675503834,312.98310316553005,60.23456628490865,0.7968737153868093,0.49410634762399624,4.067046357052163,-3.769999999999982,304.4088007804916,46.24998825104453,341.38806444896886,60.70684268514935,-0.007514262,0.6490631,0.99999666,-0.9999998,382.0038167938931,134.57440684542695,798.0,48.0,311.46220234918763,6995,7000000,18504,74.04095366457477,356.2740556760691,1817.0442753406242,2247.359284681268,162992.28079402773,69
0.55538917,0.71484375,0.003011604,4.0,0.585709,0.32790923,1.6666819,0.009153939,2.0,5.267902,4.907752,-0.23802991,-56.140747,56.055885,24.524933,95.3396,-10.811703,55.431976,24.467606,91.90536,-11.205065,0.021652413345924985,0.0,0.021652413345924985,0.021652413345924985,1.9378917,2.2363102,8.909499,-3.1255124,0.16450459,1.3344135,3.717682,-4.2564297,-0.5677719,0.054582626,-0.51318926,-0.6223545,0.88,0.08,293.484523791867,62.318072312265215,312.47943939120415,14.310140656444577,0.7570287830339112,0.5155458166234921,3.991042748245235,-3.8041445306629953,303.6291042992411,65.4585397761406,342.82108277855224,16.49816360253213,-0.009973552,0.5624301,0.9999448,-0.9999853,401.08,174.43197413318467,1000.0,14.0,264.0,0.8863636363636364,0.08333333333333333,291.4735786041849,55.92649263099284,312.8619838254437,22.993580623814218,0.7906432711035273,0.5029796659364771,4.089660625157762,-3.721200328435657,299.8454708442619,57.89075908072531,344.0196552402143,23.168245856306694,-0.010223804,0.64721763,0.9999999,-0.9999995,379.24242424242425,147.01904747819506,763.0,16.0,303.6291042992411,7095,7100000,18768,73.05596904316917,350.8424170608632,1796.68456462631,2220.5829507303424,165204.11933095753,70
0.57341546,0.6933594,0.005009273,4.0,0.5736805,0.32108524,1.7470471,0.044994924,2.0,6.1233845,4.3968945,-0.78913736,-55.774147,55.433117,24.62816,97.11611,1.1439803,56.082996,24.482618,98.42709,-1.2260592,0.021584150712276737,0.0,0.021584150712276737,0.021584150712276737,1.7942559,2.1978707,10.469727,-3.9193351,-0.06363782,1.3160713,3.2315438,-4.4681315,-0.5731591,0.06478742,-0.5083717,-0.63794655,0.9583333333333334,0.041666666666666664,303.64517537365913,29.581968720856032,312.9216647112193,116.397697257547,0.7450978669901062,0.4761616373818457,3.940468747508305,-3.769999999999982,311.03179085168244,31.662812752684758,336.9873298309721,116.99277424000458,-0.0060784845,0.55858624,0.99995655,-0.99999475,417.4375,132.89029094363264,687.0,175.0,250.0,0.864,0.088,294.6110584007288,47.487022178122764,312.8157037614773,28.04950225455423,0.7567522944061409,0.5060170413889318,4.130774181114532,-3.799654323689701,302.8583222396928,49.679586205755,348.2661505807965,28.79347576951946,-0.010857279,0.6482755,0.99998516,-0.9999991,400.208,150.22336947359423,884.0,35.0,311.03179085168244,7195,7200000,19018,73.62247673980892,342.08902240917087,1809.877152970992,2225.588652119972,167438.93176202988,71
