policy_0 Disc CE Loss,policy_0 Disc Acc,policy_0 Grad Pen,policy_0 Grad Pen W,agent_0 Disc Rew Mean,agent_0 Disc Rew Std,agent_0 Disc Rew Max,agent_0 Disc Rew Min,agent_1 Disc Rew Mean,agent_1 Disc Rew Std,agent_1 Disc Rew Max,agent_1 Disc Rew Min,policy_0 Reward Scale,policy_0 QF1 Loss,policy_0 QF2 Loss,policy_0 Alpha Loss,policy_0 Policy Loss,policy_0 Q1 Predictions Mean,policy_0 Q1 Predictions Std,policy_0 Q1 Predictions Max,policy_0 Q1 Predictions Min,policy_0 Q2 Predictions Mean,policy_0 Q2 Predictions Std,policy_0 Q2 Predictions Max,policy_0 Q2 Predictions Min,policy_0 Alpha Mean,policy_0 Alpha Std,policy_0 Alpha Max,policy_0 Alpha Min,policy_0 Log Pis Mean,policy_0 Log Pis Std,policy_0 Log Pis Max,policy_0 Log Pis Min,policy_0 Policy mu Mean,policy_0 Policy mu Std,policy_0 Policy mu Max,policy_0 Policy mu Min,policy_0 Policy log std Mean,policy_0 Policy log std Std,policy_0 Policy log std Max,policy_0 Policy log std Min,Test agent_0 Success Rate,Test agent_0 Collision Rate,Test agent_0 Distance Mean,Test agent_0 Distance Std,Test agent_0 Distance Max,Test agent_0 Distance Min,Test agent_0 Rewards Mean,Test agent_0 Rewards Std,Test agent_0 Rewards Max,Test agent_0 Rewards Min,Test agent_0 Returns Mean,Test agent_0 Returns Std,Test agent_0 Returns Max,Test agent_0 Returns Min,Test agent_0 Actions Mean,Test agent_0 Actions Std,Test agent_0 Actions Max,Test agent_0 Actions Min,Test agent_1 Success Rate,Test agent_1 Collision Rate,Test agent_1 Distance Mean,Test agent_1 Distance Std,Test agent_1 Distance Max,Test agent_1 Distance Min,Test agent_1 Rewards Mean,Test agent_1 Rewards Std,Test agent_1 Rewards Max,Test agent_1 Rewards Min,Test agent_1 Returns Mean,Test agent_1 Returns Std,Test agent_1 Returns Max,Test agent_1 Returns Min,Test agent_1 Actions Mean,Test agent_1 Actions Std,Test agent_1 Actions Max,Test agent_1 Actions Min,Test Ep. Len. Mean,Test Ep. Len. Std,Test Ep. Len. Max,Test Ep. Len. Min,Num Paths,Exploration agent_0 Success Rate,Exploration agent_0 Collision Rate,Exploration agent_0 Distance Mean,Exploration agent_0 Distance Std,Exploration agent_0 Distance Max,Exploration agent_0 Distance Min,Exploration agent_0 Rewards Mean,Exploration agent_0 Rewards Std,Exploration agent_0 Rewards Max,Exploration agent_0 Rewards Min,Exploration agent_0 Returns Mean,Exploration agent_0 Returns Std,Exploration agent_0 Returns Max,Exploration agent_0 Returns Min,Exploration agent_0 Actions Mean,Exploration agent_0 Actions Std,Exploration agent_0 Actions Max,Exploration agent_0 Actions Min,Exploration agent_1 Success Rate,Exploration agent_1 Collision Rate,Exploration agent_1 Distance Mean,Exploration agent_1 Distance Std,Exploration agent_1 Distance Max,Exploration agent_1 Distance Min,Exploration agent_1 Rewards Mean,Exploration agent_1 Rewards Std,Exploration agent_1 Rewards Max,Exploration agent_1 Rewards Min,Exploration agent_1 Returns Mean,Exploration agent_1 Returns Std,Exploration agent_1 Returns Max,Exploration agent_1 Returns Min,Exploration agent_1 Actions Mean,Exploration agent_1 Actions Std,Exploration agent_1 Actions Max,Exploration agent_1 Actions Min,Exploration Ep. Len. Mean,Exploration Ep. Len. Std,Exploration Ep. Len. Max,Exploration Ep. Len. Min,AgentMeanAverageReturn,Number of train calls total,Number of env steps total,Number of rollouts total,Train Time (s),(Previous) Eval Time (s),Sample Time (s),Epoch Time (s),Total Train Time (s),Epoch
0.7076027,0.37109375,0.96180034,4.0,0.34541696,0.43674812,3.0877001,0.00078750023,0.33995435,0.38956773,2.3452413,0.001668126,2.0,1.1140664,1.000187,-3.909649,-0.24175559,0.023722239,0.022423599,0.11115916,-0.009976407,0.103491515,0.05791869,0.3315466,0.028853334,0.19994000899934702,0.0,0.19994000899934702,0.19994000899934702,-0.4292013,0.31222278,0.48720407,-0.97680426,-0.021666337,0.035436872,0.024210304,-0.16884632,-0.0002999999,2.910383e-11,-0.00029999987,-0.00029999993,0.4,0.10909090909090909,250.07777690625966,98.42665906125866,312.5810544794177,1.7278093455921315,0.7755467215846356,0.6742707259665693,4.373902042656262,-3.792207922366921,282.53872109802444,111.38106952837741,369.9163894311853,-10.133431337147004,-0.0026361486,0.6318912,0.9998766,-0.9999982,0.38181818181818183,0.07272727272727272,239.5631306370724,109.53850437435962,312.9404914140438,1.6499957110718664,0.7722141651181119,0.6896187306392534,4.354395141787204,-4.704004722801645,269.7414280045303,123.81335500000272,362.48420091368484,-11.583206153973135,-0.014359327,0.6193263,0.99989635,-0.9999404,364.3090909090909,129.84940546330412,601.0,22.0,276.0,0.4782608695652174,0.06159420289855073,216.6959204841225,107.12987395711254,312.89026876601724,1.8055251263216245,0.8510540645199244,0.6557526284674117,4.531026608933587,-3.8635975532294964,244.89389059482752,119.927671478262,399.3949195336008,-2.1319920800137573,-0.019425761,0.6774196,0.99996734,-1.0,0.45652173913043476,0.06521739130434782,213.00615126606857,108.70048460255317,312.6793604505936,1.8108398927312908,0.8014682082815329,0.6537343568557354,4.339774056662591,-3.863178045408688,239.26729887523618,121.27787663403411,379.54705519801365,-5.12743549276764,-0.013923396,0.6699922,0.9999715,-1.0,287.7536231884058,154.03838273767263,786.0,18.0,138.07003727563867,91,100000,276,1919.8239243198186,0,3386.3309431690723,5306.154867488891,6078.499293843284,0
0.30817652,0.8828125,0.0053669205,4.0,0.30750138,0.34837198,2.0859368,0.0018977141,0.43801814,0.45990926,2.3575516,0.0010486684,2.0,2.082525,1.7498271,0.66520226,-25.178757,25.94516,12.816365,73.60054,-17.662603,25.589981,12.622811,73.293594,-16.874697,0.030843883086763498,0.0,0.030843883086763498,0.030843883086763498,2.1911976,2.106206,8.693147,-2.794012,-0.039314378,1.3780721,3.0690558,-3.7906804,-0.52354264,0.017328978,-0.50621367,-0.5408716,0.7959183673469388,0.04081632653061224,259.34124983476664,100.52645308288024,312.59883310584996,17.571173469701662,0.6970921981197407,0.5318797895179356,4.221165112542089,-3.569999999999993,285.6513111438015,110.26847750428149,368.69937271870754,22.714622753509424,-0.022046562,0.56166464,0.999868,-0.99995995,0.8163265306122449,0.0,262.3101946906825,101.62000745309868,312.6302873339182,15.404197344747214,0.6833354287049545,0.5369738928705118,4.396216667400445,-3.730013404801639,289.3437443830693,110.96148704488246,361.02073909542315,20.316712798525085,-0.02265651,0.56529564,0.9997735,-0.99997634,409.7755102040816,154.35438489056207,579.0,34.0,254.0,0.6496062992125984,0.07086614173228346,271.68172902026004,69.44216576195267,312.60973190437846,18.190957855159624,0.9138588722174704,0.6465070364076623,4.577156044634478,-3.8103177002861344,295.5865728578681,77.44525724686518,366.9619423730549,19.29747565415148,-0.02273834,0.6625201,0.9999989,-0.99999785,0.6614173228346457,0.11023622047244094,268.59246484569286,75.03942331088098,312.7896579495215,19.76449607022966,0.8903300708239517,0.6252779198994116,4.384101145631632,-3.769999999999982,293.6021144184449,83.7508282634458,364.3454729433517,20.941297790068404,-0.026325215,0.66037786,0.9999949,-0.9999984,323.4488188976378,146.45658348145943,642.0,12.0,143.74876388171765,191,200000,530,2106.675548577681,772.3564364649355,3156.2534360084683,6035.285421051085,12227.478138791397,1
0.38112825,0.8300781,0.004978583,4.0,0.3255186,0.30985487,1.7226443,0.0019856205,0.3415326,0.3247607,1.6534421,0.0059891827,2.0,4.416336,4.4739556,-0.7798517,-23.636967,23.671618,11.976667,61.03515,-25.51969,23.386677,11.75374,59.725548,-24.052553,0.031989283424198024,0.0,0.031989283424198024,0.031989283424198024,1.7734333,1.912597,7.02282,-3.4466462,-0.31114513,1.2713403,2.891467,-3.4386232,-0.5361208,0.0068786736,-0.52924216,-0.5429995,0.8852459016393442,0.08196721311475409,294.5276775115137,47.8532265438538,312.9792313741774,79.9348195217662,0.9468617609379563,0.5523347355352477,4.0143832324180835,-3.700013513488841,312.26259089817813,51.23175845968938,350.3839822195696,80.60556521685292,-0.017217355,0.5546093,0.99940443,-0.9999451,0.8524590163934426,0.13114754098360656,283.3689322981206,66.41765376423359,312.53631754477595,43.964670315306094,0.8724938360138019,0.5305105627388537,4.044314954874297,0.0,302.9126960508246,70.89749132455958,362.990795919076,44.49736486742213,-0.015422686,0.5527532,0.99959993,-0.9998577,329.78688524590166,99.3998573001084,454.0,115.0,208.0,0.8317307692307693,0.07211538461538461,292.1672850707471,49.876185968056554,312.7858102755307,14.6295086539545,0.8047621173770502,0.6116298600418016,4.225332814824242,-3.6900135501106206,313.17627321619204,54.751278333601824,365.66131404282737,16.821871189211716,-0.004818121,0.64767563,0.9999952,-0.9999967,0.8461538461538461,0.0673076923076923,291.419566965091,55.94895047404564,312.81596025151856,0.0,0.7963378321855654,0.6058559600062949,4.094566501871981,-3.700013513488841,313.19813797967487,60.78227612048263,371.03382010326953,0.7996078833116514,-0.0043947133,0.64844763,0.9999963,-0.9999896,389.15384615384613,153.58211717506805,708.0,13.0,153.79382173725068,291,300000,738,2273.052327901125,886.0522668939084,3788.775345845148,6947.879940640181,19132.158345911652,2
0.39070153,0.84375,0.007529714,4.0,0.46157235,0.4833987,3.380076,0.0055537294,0.40215844,0.3834605,1.9298493,0.003959844,2.0,3.3730035,3.6193552,-0.5693743,-23.635191,24.04245,11.7013,81.61995,-23.124216,24.205881,11.655642,76.501785,-23.232347,0.029130092331780336,0.0,0.029130092331780336,0.029130092331780336,1.8389661,2.2261703,9.52114,-4.9895144,-0.12607609,1.3254656,3.5072212,-3.8713763,-0.5452531,0.016015291,-0.5292378,-0.5612684,0.8596491228070176,0.0,300.52266560988136,20.61802158673544,312.68457397533115,236.24910390731822,0.8979464533864396,0.5404482517324385,3.994283836827349,-3.730013404801639,316.36071362993823,26.051092270910285,347.08102271156076,241.49327986968808,-0.0033760883,0.5439106,0.9997317,-0.9998373,0.8245614035087719,0.017543859649122806,293.0043534012809,42.47889334929401,312.7621735926895,47.255774806681416,0.9326304381640287,0.5533750341403386,4.069279556705101,-3.730013404801639,309.09336153257306,46.34569319489041,347.75239549635245,52.09990545057464,0.004758587,0.55280864,0.9998389,-0.99978983,352.3157894736842,104.0794497293086,472.0,95.0,204.0,0.8137254901960784,0.12254901960784313,279.9318784491667,71.52385207706439,312.6345320016251,10.8466992060307,0.7437095962404138,0.6069566359379313,4.163696090653275,-3.7705130451166156,296.8859543109526,75.50621310647574,358.90804866638916,10.90956275209841,0.0030307083,0.6355429,0.99998456,-0.9999996,0.803921568627451,0.12254901960784313,284.88090013444906,61.07563822321258,312.9827898294488,2.007126550864961,0.7623434086194681,0.5910680430256586,4.41939029136654,-3.8268765750499085,302.8596039615499,65.30249341212685,364.9980545548372,-1.6974331865903407,0.0013021516,0.6354798,0.99998057,-0.9999995,399.19607843137254,182.6676259035759,810.0,17.0,156.36351879062784,391,400000,942,2234.6510704383254,842.8562602642924,3668.3621675353497,6745.8694982379675,25790.778083009645,3
0.41537872,0.8183594,0.005462859,4.0,0.45880002,0.4161444,2.7131114,0.012377707,0.41067404,0.39315337,2.025466,0.007104616,2.0,3.9014301,4.623403,0.080820456,-24.418768,24.175873,11.929291,52.759476,-12.454374,23.518131,11.628965,52.94202,-13.399644,0.029064785367912255,0.0,0.029064785367912255,0.029064785367912255,2.0228417,2.1031053,13.952149,-2.1971474,0.14713457,1.352742,5.6853175,-3.7681952,-0.5486729,0.0100414455,-0.5386315,-0.5587144,0.821917808219178,0.1506849315068493,293.35825715238644,46.6942868774133,312.7905979853694,49.98269789712513,1.095142550466209,0.5261378811905475,4.435569041377306,-3.700013513488841,303.2944786681554,47.12463700909193,340.6535509411856,55.23551324844397,-0.0068192645,0.54541856,0.99979013,-0.99978644,0.8356164383561644,0.1506849315068493,293.0805089294454,46.039576168283084,312.8981436410418,48.24576853917932,1.0900774909964552,0.5381482423787536,4.343227464863304,-3.700013513488841,303.3999241378901,46.70088145955085,344.82445375869895,56.34317522818421,-0.0040742853,0.5502023,0.9999623,-0.9999031,276.94520547945206,96.94072336678526,484.0,35.0,241.0,0.8921161825726142,0.06639004149377593,297.0758741796148,45.78147987982077,312.7863142223574,15.09266309974952,0.8780860047535404,0.5398565667596514,4.09514188099298,-4.115609921664344,311.51649510548935,49.35615695014809,354.7477084053884,17.283485261804522,-0.0033018503,0.6264235,1.0,-1.0,0.9004149377593361,0.07053941908713693,294.27166918856614,52.21140748614754,312.8672408640394,27.017103072341104,0.8722567848930614,0.5291975169248324,4.1933950283187755,-3.887142433385293,308.5400265500568,55.70229184323988,347.41661566165817,27.751215934453793,-0.0025312346,0.6299364,0.9999975,-0.9999905,354.76763485477176,114.68826569704923,727.0,22.0,151.6736007015114,491,500000,1183,2706.4250668194145,755.6119046360254,3787.4504853580147,7249.487456813455,33006.83064915426,4
0.42862797,0.8046875,0.0062362147,4.0,0.41638982,0.38138643,1.9384139,0.008205303,0.43593046,0.3936695,1.8904697,0.017652879,2.0,4.153244,4.5459294,-0.6585815,-25.756676,25.92786,13.411463,71.255394,-12.749115,25.217615,13.244008,74.50381,-14.034806,0.028560703448909066,0.0,0.028560703448909066,0.028560703448909066,1.8147695,2.1028469,8.437414,-4.3222113,-0.1869452,1.2816398,3.6662889,-3.3071623,-0.54993063,0.009192497,-0.54073817,-0.55912316,0.9436619718309859,0.04225352112676056,299.44930110883183,46.66917352294707,312.82235229840046,28.654077904544316,1.092100277491519,0.49053159389233647,4.148233267889829,-3.569999999999993,308.34143890978856,47.72418125722198,339.318031447201,32.54047604054684,-0.016648777,0.5332579,0.9998877,-0.99991715,0.9295774647887324,0.07042253521126761,294.77256956846264,50.38097167767222,312.7246338384281,74.66949602510778,1.1098804236851825,0.4960061350988648,4.155978950981307,0.0,303.9196506660186,51.93807321178988,340.8537046896956,78.71519686573582,-0.016763346,0.5294954,0.9996807,-0.9998842,282.3380281690141,84.05848796480213,407.0,26.0,274.0,0.8832116788321168,0.072992700729927,293.3159535872985,51.09376994264905,312.8235438515058,31.15302875228465,1.0336953155555026,0.5716259775953411,4.436716890543465,-3.769999999999982,303.82719794986275,52.75646010013075,346.0609039178365,35.14360823764795,-0.013415923,0.63247347,0.9999875,-0.99998343,0.8284671532846716,0.12773722627737227,287.4026761887543,58.816114056537494,312.93511385836905,34.239527606144364,0.9989800068708595,0.5537305874134437,4.331034398590035,-3.769999999999982,298.41793270941554,60.90999472614048,349.31110543707393,36.61107203893832,-0.01834426,0.6305284,0.99998826,-0.9999384,293.92335766423355,118.24617693409377,617.0,26.0,153.06527239395177,591,600000,1457,2532.960783738643,722.1731172688305,3767.61411244981,7022.748013457283,40520.79255736247,5
0.43582636,0.8046875,0.006140402,4.0,0.44094414,0.40149748,2.041332,0.011818085,0.519767,0.42273554,2.1118357,0.007907103,2.0,3.5403447,3.7371905,0.31772906,-27.239374,27.694054,13.834187,80.415405,-3.4603286,28.258072,14.070385,84.11821,-3.1789846,0.02979915728743481,0.0,0.02979915728743481,0.02979915728743481,2.0904312,2.0886438,8.855578,-5.194852,0.03432278,1.3860837,3.6810155,-3.6206043,-0.55344224,0.00015130639,-0.5532909,-0.5535935,0.9264705882352942,0.058823529411764705,299.7339414604823,31.973627250803982,312.32609743259366,129.79311922144888,1.043872610025079,0.49975604277300845,4.088043011482554,-3.769999999999982,307.15951549987943,32.63209099337319,337.40021256339276,136.76361523708323,-0.017158562,0.51385367,0.9999866,-0.99979156,0.9117647058823529,0.08823529411764706,300.3337255769869,35.65864459899719,312.8897618068948,126.66387127628307,0.9560386858677582,0.4611038590797365,4.050191476848948,-3.6900135501106206,309.292574270659,37.32401948475804,348.0702823041776,130.3586394846733,-0.018488346,0.5085801,0.999612,-0.9987333,294.25,89.49422837124585,467.0,146.0,188.0,0.9042553191489362,0.06914893617021277,295.92176707883965,46.26008956225449,312.72823815225973,13.393951813396145,0.7191520650231563,0.5668918898076537,3.9745318900867037,-3.769999999999982,305.8653189743966,47.85551934957188,348.23596779766734,15.475950119950534,-0.004246024,0.62191594,0.99999857,-0.999997,0.9202127659574468,0.05851063829787234,294.1431567742175,53.11862285862247,312.750376075578,0.0,0.7052677904558153,0.5595825956265861,4.015243425524169,-3.769999999999982,304.72070256992004,55.43042361765904,348.6006651201159,0.7996078833116514,0.0002992428,0.62546265,0.9999987,-0.99999064,425.31382978723406,178.45779172050254,783.0,14.0,154.11302244263462,691,700000,1645,2519.490911955014,1213.3850569482893,5396.885967547074,9129.761936450377,49586.34063188359,6
0.44268137,0.8027344,0.0060537606,4.0,0.44307953,0.34814152,1.5882857,0.009996121,0.4852382,0.42713666,2.40039,0.0047167535,2.0,8.708164,9.468378,0.95901406,-26.793083,28.948902,15.043661,105.92023,-14.86989,28.576296,15.34311,110.00991,-15.275103,0.030427088799647013,0.0,0.030427088799647013,0.030427088799647013,2.2745714,2.2254589,9.481312,-2.9390206,0.07695012,1.4441751,4.700656,-4.336055,-0.5568579,0.009261847,-0.54759604,-0.56611973,0.8928571428571429,0.10714285714285714,296.4576272724302,46.51200730303121,312.8651098357497,52.17450669741386,0.8373885338667709,0.5692522251708442,4.138789727526316,-3.700013513488841,302.98511559300914,47.58175628403643,337.6503668851652,58.81320335804729,-0.019712258,0.51703644,0.9995706,-0.9999719,0.7321428571428571,0.26785714285714285,263.3467032794554,84.44432610499886,312.6752514476651,51.91042840495464,0.8534885625018103,0.5471806739144045,4.0112959058140945,-0.5780101692456014,269.97672135994765,86.24997831536902,339.90901421349236,53.09347068581768,-0.026437111,0.5159258,0.99986184,-0.9998951,361.82142857142856,148.80873475981284,576.0,50.0,184.0,0.875,0.11956521739130435,283.50427624736307,70.30341060720808,312.73694813371543,7.518139622022304,0.6770895098094619,0.5659478824896209,3.9610617908112786,-3.769999999999982,292.79705498108297,72.90669066838656,352.4424220403137,7.373891920024306,0.0041012415,0.62198067,0.9999764,-0.9999786,0.8804347826086957,0.11413043478260869,289.8217853600809,61.70613177214649,312.9186009518223,1.8165657216679274,0.7081750727774865,0.5533471046813091,3.930980795651106,-3.769999999999982,298.3225981850856,63.11399711509463,341.75737698320864,-1.7042123765108652,0.007462059,0.6244482,0.9999957,-0.99998736,432.4347826086956,199.23957636516425,911.0,77.0,143.2404592382392,791,800000,1829,2500.368792526424,1149.1762551628053,5902.639968959615,9552.185016648844,59176.54503658414,7
0.47540873,0.7871094,0.005756567,4.0,0.45780775,0.3833929,1.8223469,0.011946201,0.5564644,0.4221159,2.1788523,0.016726628,2.0,5.776868,6.8960743,0.73189044,-28.91606,30.076283,16.33881,87.759514,-35.802822,30.32325,16.095303,87.75096,-33.56021,0.03152185703899525,0.0,0.03152185703899525,0.03152185703899525,2.2116852,2.2703636,9.7351055,-4.4897904,-0.09752215,1.4525341,3.6966372,-3.6577277,-0.54571855,0.015192927,-0.5305256,-0.5609115,1.0,0.0,308.687276852688,9.132156326668506,312.71868407484027,276.19470076124423,0.6968284007380704,0.5731188294658789,4.017254229211623,-3.769999999999982,317.3419884997604,14.905340335207635,361.7108589430491,276.1866566458129,-0.011047671,0.49440965,0.99942076,-0.9999013,1.0,0.0,307.3480334369682,11.193668274177659,313.0144139581577,275.15393621252326,0.6527660665224521,0.4977673260750655,3.9505956950181957,-3.769999999999982,314.20301188361395,13.531165593249803,334.0554823225019,277.009316030225,-0.007993596,0.49586812,0.9998238,-0.999993,455.40909090909093,165.22537200357277,717.0,128.0,223.0,0.8968609865470852,0.08071748878923767,296.0506358808268,51.755336845773584,312.77378515832754,13.738384899695424,0.7937379643716064,0.47457135829338415,3.986685019318749,-3.8038526545010996,306.0126804882712,54.10466754513093,391.256705169604,14.217361311082161,-0.00048442738,0.6186913,0.9999802,-1.0,0.9013452914798207,0.07623318385650224,291.75259040949715,57.59261572084922,312.76599002265635,26.769883811107345,0.7885964156592606,0.4519630181137293,3.9880463848859335,-3.769999999999982,301.1907861798874,60.28491830425892,357.14069153847066,27.530529662175635,0.002784116,0.61876285,0.9999738,-0.9999919,385.5336322869955,126.155031283721,740.0,22.0,157.88625009584356,891,900000,2052,2513.255024800077,1187.1889840643853,4273.059453461319,7973.503462325782,67080.08092484996,8
0.48117203,0.7714844,0.0064754942,4.0,0.44300073,0.3237773,1.5641044,0.008200177,0.51052433,0.40652758,1.9352038,0.007904726,2.0,5.995253,5.9242663,0.41700613,-31.340773,32.036716,14.950467,72.48414,-8.699315,32.08807,15.212017,76.23237,-11.2220745,0.03355042042637362,0.0,0.03355042042637362,0.03355042042637362,2.1228318,2.2735858,8.781001,-3.9198675,-0.11511192,1.4355804,3.5340223,-4.3472896,-0.5508297,0.010615976,-0.54021376,-0.5614457,0.9767441860465116,0.023255813953488372,302.0435674769293,35.25153928170902,313.0019819074294,85.68324239001213,0.6575859950115115,0.5389041789666648,4.061044994940801,-3.769999999999982,307.35263552886886,35.20162018797457,334.0282236802639,97.12025223536462,-0.0027113091,0.5118582,0.99992186,-0.9998011,0.9767441860465116,0.023255813953488372,304.54263434230984,36.9590716760698,312.98105963530463,69.33823193729137,0.6266476988617203,0.506353043957365,3.9404008130373995,-3.700013513488841,311.5896383572661,38.54768358772366,331.36050495726886,69.27350841240586,-0.0050523095,0.51873,0.99983174,-0.9999569,467.3953488372093,182.2904836887624,764.0,150.0,254.0,0.9173228346456693,0.07480314960629922,299.9282863302508,38.71188012944313,312.73062529437874,29.753428964074622,0.9243226640430161,0.49914779517260843,4.073856815763804,-3.6900135501106206,307.8685893728473,40.228809316129066,347.3805772072594,30.979466248172113,-0.010427789,0.6224582,0.9999888,-0.9999914,0.8818897637795275,0.1141732283464567,293.9284482132417,49.68012102755315,312.9516567873329,39.28188920251429,0.9052452406318485,0.4809331949948024,4.119358546173487,-3.769999999999982,301.2720312060317,50.65560960169477,340.70848673463973,44.453644252834174,-0.011121686,0.6235497,0.9999544,-0.9999831,333.0748031496063,107.8899187225995,530.0,26.0,154.73556847153372,991,1000000,2306,2445.2009900435805,1117.2307604439557,3574.2560056913644,7136.687756178901,74019.15902304277,9
0.46635652,0.7949219,0.004192873,4.0,0.4658376,0.3582952,1.966233,0.027815325,0.4474554,0.35826886,1.9134136,0.0134676555,2.0,3.99093,4.458103,0.01579076,-34.321854,34.516953,19.472713,94.41288,-17.186409,34.595806,19.434986,90.17346,-16.78336,0.034598811041296265,0.0,0.034598811041296265,0.034598811041296265,2.0046942,2.0887406,8.6478615,-4.1199336,-0.1848639,1.3381861,3.3700175,-3.200579,-0.5532804,0.01695919,-0.5363212,-0.5702396,0.8666666666666667,0.13333333333333333,297.933783360357,24.048008760036016,312.5156899672822,211.36280401759018,0.6712669052570099,0.47293072857596147,3.900967940724925,-1.6902662512160873,304.9789306217682,24.183601750431116,331.67193199160965,214.92947767007047,-0.0047211964,0.49882638,0.9999292,-0.9999923,0.9333333333333333,0.06666666666666667,296.53919110781084,48.57557967825036,312.58643342792,0.0,0.6660113835741073,0.46995309500235166,3.9434766060029176,-3.590223135648472,304.2191997636839,50.245853515403134,356.194791890078,0.7996078833116514,-0.0064087613,0.50872445,0.99996513,-0.9997917,454.3333333333333,137.0539228835781,809.0,159.0,207.0,0.9420289855072463,0.06280193236714976,301.030989779181,34.72188631876448,312.6837534999303,48.00275302630547,0.785689561790513,0.5431772627106506,4.107771442176944,-3.700013513488841,306.72637283987024,36.25325140220313,360.5529568570034,48.712504666395525,-0.012204976,0.61966044,0.9999918,-0.99997675,0.893719806763285,0.10628019323671498,292.18100071110655,55.32416915937192,312.8265709010137,46.18189144154368,0.745571289456762,0.5093189418110271,4.292282006550813,-3.769999999999982,298.3437731801087,56.336089278860285,347.2492542701598,47.10796817911534,-0.014375601,0.61741704,0.99999726,-0.99998605,390.39130434782606,158.39971612762812,741.0,50.0,152.29953259636304,1091,1100000,2513,2106.6152798831463,919.6223867610097,4107.312712548301,7133.550379192457,81298.546939414,10
0.49633554,0.7421875,0.0049288096,4.0,0.47233936,0.3574228,1.8668545,0.01143699,0.54757905,0.4200555,2.4331224,0.022164863,2.0,5.48017,6.030101,-0.6325395,-35.719246,35.64878,17.513731,85.972534,-21.80336,36.693333,17.753632,89.23071,-19.71542,0.03522221820127282,0.0,0.03522221820127282,0.03522221820127282,1.8109443,2.2646093,10.051823,-3.605084,-0.08980929,1.3579845,3.1397946,-4.351725,-0.5583322,0.020118413,-0.5382138,-0.5784506,0.86,0.14,282.141720020385,75.01474536939394,312.9553912406799,13.834791413877165,0.7007895631680975,0.527389626744502,3.9645641959985483,-1.6902662512160873,286.5528523794351,75.8801532184256,330.09001830237344,15.956857228735242,-0.0015205389,0.49995977,0.9999483,-0.99997884,0.86,0.14,280.12998147646647,74.80122512947378,312.3850664856672,36.623537540106796,0.6313431779297896,0.4778112034115393,3.886089656331876,-3.700013513488841,287.6399518648122,76.11501799571136,345.2520320068756,42.46614504265487,-0.0036444617,0.5178445,0.99998164,-0.9998553,408.9,200.20531960964473,721.0,14.0,185.0,0.9135135135135135,0.08648648648648649,294.46220185199985,48.52167587384893,312.90285825337725,13.544144196989583,0.6990301564546089,0.5020746403931923,3.934099006241368,-3.700013513488841,299.7101242152601,49.176482809304375,337.49268335260354,15.653293675820143,0.0009626794,0.6167211,0.99999684,-0.9999959,0.8972972972972973,0.0972972972972973,291.0770072883303,59.90898452379032,312.9972005946524,0.0,0.661170536286235,0.48713257763271395,3.9396195505889295,-3.769999999999982,297.7125838579241,61.13704678829589,342.42870171789514,0.7996078833116514,-7.7628014e-05,0.61837554,0.9999911,-1.0,428.75135135135133,171.33202414660795,877.0,14.0,143.5482010610618,1191,1200000,2698,2097.225255439058,1065.464043352753,4407.212940949947,7569.9022397417575,88773.50145387463,11
0.46336126,0.7910156,0.005817812,4.0,0.5132001,0.38484508,2.4132934,0.0101920385,0.53515494,0.3739498,1.5700834,0.01915902,2.0,5.5754676,5.3027534,-0.55946,-40.775887,41.511803,18.297255,99.26223,-22.33445,41.223194,18.169853,96.89361,-22.009375,0.03710796643984589,0.0,0.03710796643984589,0.03710796643984589,1.8301384,2.121776,11.257251,-4.56804,-0.0064955708,1.304595,4.097047,-4.3049054,-0.5640542,0.019766688,-0.54428744,-0.5838208,0.9772727272727273,0.022727272727272728,302.1626195487044,26.317799261361035,312.89422081683927,151.51416631478557,0.6655771628640891,0.4605204146297251,3.9196070863709807,0.0,305.96884711936207,26.845844558981877,328.93964146443807,155.34103785198874,0.0064490074,0.48799166,0.9997101,-0.99995744,0.9772727272727273,0.022727272727272728,302.2052326366601,43.275335303596485,312.7376787299389,26.510422994156343,0.7259242869287498,0.5051093476594767,3.889238460947606,0.0,305.87809726497767,44.1539270442981,340.3660951661425,27.980479057237574,0.008852751,0.485983,0.9997367,-0.9999596,459.70454545454544,151.9812457846294,668.0,167.0,184.0,0.8804347826086957,0.11413043478260869,285.55655515238715,67.28484222917587,312.8880120293478,7.733238396781063,0.6662710067294346,0.4918527114828467,4.030884566075997,-3.7381999643609163,291.5840913961289,68.68118710206767,336.10368688613266,7.687410473828861,0.0059845396,0.61327815,0.99997246,-0.9999731,0.8586956521739131,0.1358695652173913,287.1608320183869,61.33825364471708,312.76828390393945,1.733544164066532,0.6573642182471418,0.4719417713300946,3.926583183589969,-1.9992650053792191,292.6699823848144,62.843432462441065,361.04837087909584,-3.605489050244305,0.0042197113,0.6153045,0.99998647,-0.99999803,437.6358695652174,180.23732246409585,1000.0,67.0,152.96173609608493,1291,1300000,2882,2104.09864134714,970.5171587970108,3413.601424528286,6488.217224672437,95102.92876034416,12
0.518486,0.7363281,0.0037088145,4.0,0.5462679,0.37899595,2.0615895,0.010158813,0.45602384,0.3271498,1.7716272,0.026194418,2.0,4.666301,4.882042,0.66523486,-41.62695,42.51834,17.71226,80.594795,-8.602049,42.13153,17.60025,80.21764,-8.882206,0.038486128890589937,0.0,0.038486128890589937,0.038486128890589937,2.2041998,2.3462884,9.173828,-3.0532784,0.09599042,1.4545754,4.840888,-3.6756403,-0.56557584,0.025967509,-0.5396083,-0.5915433,0.94,0.06,292.89011249244675,52.87028144025064,312.92160031691816,48.31944928622765,0.739946650495429,0.512335658456148,3.9302393214411353,-1.770714524391792,296.9553897768255,53.76462104457816,332.1646838924687,48.75351788478265,0.000621758,0.4733954,0.9995794,-0.9997787,0.86,0.14,285.5959426714816,65.69138864524625,312.75226544589754,55.22089017535945,0.6430364028915816,0.42945031940359646,3.904710665538566,0.0,290.76820065951534,67.28629131932146,334.93723777365915,54.968087755675825,-0.00595364,0.4938595,0.99988276,-0.9998344,401.32,162.90653025584947,687.0,94.0,213.0,0.9014084507042254,0.07042253521126761,295.0270101109699,54.326775258201586,313.0035661282289,15.760752310658791,0.7506432227143607,0.4508864384932329,4.08106915222325,-3.8354406284378797,300.4193998286779,55.78526259678588,337.0826997366477,16.378703256412937,-0.0032057855,0.60550195,0.99995834,-0.99999285,0.9295774647887324,0.06572769953051644,295.35071651953774,53.25488331729455,312.8923585920625,28.29721569104797,0.7599161270320568,0.4277084516600041,4.190719682771714,-3.743705192088214,300.2417914859614,54.53803062604292,341.41124650070026,29.061216067337796,0.00062098174,0.6047274,0.99998873,-0.9999952,400.21596244131456,148.84279865796873,1000.0,22.0,146.93089760908524,1391,1400000,3095,2356.1079760603607,811.7246410548687,2839.6120128296316,6007.444629944861,101152.66263417341,13
0.48853844,0.7714844,0.004070153,4.0,0.5370492,0.34871367,1.8311555,0.0073685907,0.5993594,0.3650012,2.9798408,0.014807077,2.0,11.839164,11.9604,-0.5968662,-42.824265,42.243767,19.143517,91.511925,-25.090382,42.546963,19.103977,92.94401,-27.20023,0.03895153815423952,0.0,0.03895153815423952,0.03895153815423952,1.8160708,2.3075588,9.570298,-3.3480906,-0.075210914,1.3442247,4.6914034,-3.4417353,-0.5744158,0.030198393,-0.5442174,-0.6046142,0.9487179487179487,0.05128205128205128,306.70676337894326,11.227841012214316,312.76024517338925,275.357791998644,0.5968545860148651,0.5058601640238946,3.8674732290913028,-3.569999999999993,312.27738019572615,14.46453964829959,342.01774657165157,280.61618128368417,0.0024048667,0.4817273,0.9997478,-0.99988437,0.8461538461538461,0.15384615384615385,286.3355872694123,64.86041283439022,312.8201492900204,55.42913050560187,0.5234716544583037,0.43212893946676867,3.870966721831934,-1.6902662512160873,293.81524400236583,65.86790616163367,338.5531106719651,56.136959774290794,-0.00075767696,0.4979876,0.9999425,-0.9998622,523.2051282051282,200.16918222384547,894.0,138.0,251.0,0.9203187250996016,0.0796812749003984,299.77883687777717,37.57520215612716,312.7161376576075,29.38782253828382,0.9019715786108135,0.4594606242852166,4.1576224980664875,-3.769999999999982,303.8206815012289,37.96958482476325,335.29439623059227,30.463989896686165,-0.0129807005,0.6113855,0.9999482,-0.9999922,0.8924302788844621,0.10756972111553785,296.22413258395386,42.703791976637,312.74728052258985,43.1000718820208,0.8826866377434178,0.43325791060579083,4.01688883966909,-3.569999999999993,299.7793722487556,42.56920921635645,333.51611872141007,49.90495717441223,-0.011724611,0.6116356,0.9999509,-0.9999954,336.8406374501992,108.61756487967529,544.0,26.0,151.52315604952304,1491,1500000,3346,2118.5504956766963,854.0213842689991,2816.2910964991897,5788.862976444885,107025.5811712239,14
0.5137503,0.7519531,0.0052002813,4.0,0.54360664,0.38427576,2.232372,0.019473877,0.5334588,0.36725184,2.2120352,0.020737771,2.0,4.6103735,4.151101,1.4671084,-43.988506,45.09793,23.017988,100.07677,-50.05117,44.85953,23.063503,102.93194,-49.46053,0.03911943284435579,0.0,0.03911943284435579,0.03911943284435579,2.4525428,2.384631,11.570604,-2.8693056,0.042943228,1.4827908,3.4410374,-5.8427143,-0.5779566,0.023949174,-0.5540074,-0.60190576,0.8048780487804879,0.1951219512195122,264.68383362337534,84.75055828341331,312.56319801845484,11.884588952601172,0.5437614550084301,0.4650558713667236,3.845931230136678,-3.6290156922545247,267.82241030342044,85.9470329019563,328.86771681861285,8.722672041371755,-0.00047079596,0.48376977,0.99984944,-0.9999857,0.8780487804878049,0.12195121951219512,286.84549086886574,63.14663313606582,312.6714876172861,81.9835867731313,0.5894483512587202,0.48519403657687227,3.8757488186535625,-0.5724568823246727,289.60603872574785,62.68951731340425,329.0164876724599,82.424957640732,-0.0010888582,0.5042604,0.9996566,-0.9999735,492.5365853658537,183.21759655093516,744.0,176.0,186.0,0.9354838709677419,0.06451612903225806,301.3489989569536,32.46715827378566,312.8171488793802,47.29363078332884,0.6981736168183093,0.5144451225799949,3.9944144301207984,-3.773464962653094,305.3946530340734,32.86027850765686,355.10689032794517,47.856777168640015,-0.008907553,0.61308825,0.99997586,-0.9999953,0.9139784946236559,0.08602150537634409,291.46516291527695,58.30871303882009,312.94130893100703,0.0,0.6718676275433761,0.48331070010181004,3.9467476848216165,-3.769999999999982,295.40141243478365,59.042079960998535,336.46658520555206,0.7996078833116514,-0.008706907,0.6161599,0.9999809,-0.9999731,437.4193548387097,165.47902589901537,813.0,50.0,139.35711225729207,1591,1600000,3532,2110.8371959161013,938.0825075749308,3311.624209076166,6360.543912567198,113468.22791744955,15
0.520343,0.73828125,0.0039204247,4.0,0.49378592,0.35787842,1.6647449,0.015452795,0.4885109,0.32833493,1.6539929,0.022961093,2.0,3.9441824,3.4815435,-0.49192894,-47.65935,48.51153,21.536625,98.49682,-19.133095,48.3406,21.374384,99.73433,-19.064651,0.03976562170004808,0.0,0.03976562170004808,0.03976562170004808,1.8474443,2.1804678,13.870738,-3.804804,-0.19004361,1.2856026,3.859536,-4.984895,-0.58117753,0.027610451,-0.5535671,-0.608788,0.851063829787234,0.14893617021276595,280.08703861139395,79.2931572813948,312.71563989007456,14.169727700313667,0.656478371141983,0.4182409518365028,3.957977847423763,-3.700013513488841,282.9561455871126,78.8017319708481,324.9334384002004,13.952236016005507,0.014332311,0.48598075,0.9997902,-0.99999374,0.851063829787234,0.14893617021276595,291.69982278941427,50.95438519740716,312.8184965056121,54.590694307634976,0.6795536533808857,0.4251198072340913,3.9021920647850834,-0.568003343459754,294.0876874418556,51.4149612192469,337.85372677990614,55.27335338525036,0.018147865,0.4698057,0.99977815,-0.99989825,431.02127659574467,149.5212913553888,712.0,77.0,176.0,0.9261363636363636,0.07954545454545454,294.943732077914,51.79699070115954,312.7946409610375,14.455463187677198,0.660624622187676,0.48635805296979007,3.9547852179031366,-3.769999999999982,298.0768323702712,52.28047918110125,351.4642486724922,16.646212836856094,0.00033580518,0.613737,0.99999636,-0.9999952,0.8920454545454546,0.10795454545454546,288.856800097755,63.807633445912266,312.8704797763524,25.492894717443,0.6269258826905467,0.44569507470889075,4.354789971245594,-3.769999999999982,292.3611860665302,64.40409686243585,341.5861368659183,27.105653283897627,-0.00072340167,0.6152273,0.99999595,-0.9999846,451.20454545454544,187.29784005276127,896.0,14.0,144.2609582572421,1691,1700000,3708,2489.4114591777325,1020.1822619363666,3817.907657986507,7327.501379100606,120652.40962771699,16
0.5504911,0.7207031,0.004132908,4.0,0.55256224,0.3489686,1.7001011,0.017100506,0.5278537,0.3396394,1.4698554,0.022486709,2.0,4.2903886,4.0775814,-0.5833353,-48.116596,49.04007,22.103975,97.36439,-4.3971305,48.82851,22.405878,96.46353,-6.130615,0.039790113182086126,0.0,0.039790113182086126,0.039790113182086126,1.8190515,2.29898,13.009229,-3.0649822,-0.09871147,1.3209023,3.5293286,-5.054692,-0.5891948,0.033188343,-0.55600643,-0.6223831,0.9298245614035088,0.07017543859649122,293.7721099022551,57.37711154561132,312.846833529182,46.25950037498526,0.8403399725207512,0.4186219885186065,3.9969844281169458,-3.569999999999993,296.0502980384071,57.904218296685734,327.21727687159154,46.25951603755763,0.0028743795,0.4823907,0.99997264,-0.9999014,0.9298245614035088,0.07017543859649122,290.88804485988885,55.37479978208867,312.686938271733,74.587066386504,0.750191005233149,0.3848462131378284,3.933475686151951,-3.700013513488841,294.193325262747,56.35630175822273,331.1344723961022,74.58708064365221,-0.0033754369,0.49384376,0.9998479,-0.9999055,352.29824561403507,118.61199680637627,621.0,67.0,186.0,0.8870967741935484,0.10215053763440861,286.5706170532486,66.35771510975911,312.8147321667263,10.602997934731293,0.689076733019555,0.4689690485719828,3.9828411012631477,-3.999666269872847,289.70860495768386,66.48432031673119,344.92768000727256,10.647508532241778,0.0035072595,0.61063606,0.99999046,-0.9999987,0.8870967741935484,0.10215053763440861,292.6802351159283,51.59938777752306,312.83221868925165,55.88499424025957,0.6407961850943203,0.46423802963537564,4.392436523192373,-3.815589725574114,296.0650632174764,51.874463969720004,339.0386196325994,56.58221159350805,0.0049103852,0.6026451,0.999982,-0.9999987,420.4301075268817,160.99658701047267,832.0,67.0,147.56090582528853,1791,1800000,3894,2104.946980992332,876.86032259278,3481.2019333317876,6463.0092369169,127071.41479289345,17
